{
"type": "FeatureCollection",
"name": "First_Nation_Reserve_ORM",
"crs": { "type": "name", "properties": { "name": "urn:ogc:def:crs:OGC:1.3:CRS84" } },
"features": [
{"type":"Feature","properties":{"OGF_ID":67860382,"OFFICIAL_N":"Sugar Island 37A","INDIAN_RES":"Indian Reserve","OBJECTID":13},"geometry":{"type":"MultiPolygon","coordinates":[[[[-78.139212399999963,44.2229029],[-78.139204799999959,44.2229183],[-78.1391893,44.222937300000012],[-78.1391741,44.222960200000045],[-78.139158899999984,44.2229792],[-78.139143699999977,44.2229982],[-78.139136099999973,44.223017600000048],[-78.139120699999978,44.223040500000025],[-78.139105499999971,44.223059500000033],[-78.139090299999964,44.223078500000042],[-78.13908269999996,44.2230978],[-78.139075099999957,44.22312050000005],[-78.139059699999962,44.2231395],[-78.139052099999958,44.223158900000044],[-78.139036799999985,44.2231812],[-78.1390293,44.223200600000041],[-78.139014,44.22321960000005],[-78.138998599999979,44.2232386],[-78.138975799999969,44.2232538],[-78.1389529,44.223265700000013],[-78.138922399999956,44.223273300000017],[-78.13889949999998,44.223280700000032],[-78.1388614,44.223284500000034],[-78.138830899999959,44.223284200000023],[-78.138792699999954,44.22327690000003],[-78.138769799999977,44.223269],[-78.1387469,44.223261800000046],[-78.138724,44.22325010000003],[-78.1387011,44.223238900000013],[-78.138670599999955,44.2232313],[-78.138647699999979,44.223223500000017],[-78.1386248,44.2232156],[-78.138602099999957,44.2232118],[-78.138563899999951,44.22320830000001],[-78.138533399999972,44.223208],[-78.1385029,44.22320830000001],[-78.138472399999955,44.223208],[-78.138441799999953,44.2232004],[-78.138419,44.223193200000026],[-78.1383884,44.223185600000022],[-78.138365499999964,44.22317780000003],[-78.138335,44.223166200000037],[-78.138312099999951,44.223158400000045],[-78.138289199999974,44.223147200000028],[-78.1382663,44.223139400000036],[-78.1382357,44.223131800000033],[-78.138205199999959,44.223128200000019],[-78.138174699999979,44.22312450000004],[-78.138136499999973,44.223116600000026],[-78.138106,44.223112900000046],[-78.138075499999957,44.22310920000001],[-78.138045,44.2231016],[-78.138014399999975,44.223097400000029],[-78.1379839,44.223089800000025],[-78.137953499999981,44.2230783],[-78.13793069999997,44.223067100000037],[-78.1379078,44.22305590000002],[-78.1378848,44.223040200000014],[-78.137861899999962,44.223025100000029],[-78.137846599999989,44.2230098],[-78.137823699999956,44.222998600000039],[-78.137808399999983,44.222983200000044],[-78.137793399999964,44.222971800000039],[-78.137770399999965,44.2229567],[-78.137755199999958,44.222941400000025],[-78.137739899999985,44.2229221],[-78.137716899999987,44.222907],[-78.13770169999998,44.222891600000025],[-78.137678699999981,44.222876500000041],[-78.1376558,44.222864800000025],[-78.137625499999956,44.2228498],[-78.13760259999998,44.222842],[-78.1375721,44.2228384],[-78.1375415,44.222838100000047],[-78.137511,44.2228384],[-78.137480499999981,44.222842],[-78.1374424,44.222845900000038],[-78.137411699999973,44.222853500000042],[-78.1373812,44.222861100000046],[-78.137350699999956,44.2228647],[-78.13731249999995,44.2228652],[-78.137282,44.222861],[-78.1372515,44.22285340000002],[-78.1372288,44.222834300000045],[-78.137221099999977,44.222811500000034],[-78.1372058,44.222788800000046],[-78.137190499999974,44.222769500000027],[-78.1371752,44.22275030000003],[-78.13716009999996,44.222731600000031],[-78.137144799999987,44.222716200000036],[-78.137129499999958,44.222693],[-78.137106599999981,44.222670600000015],[-78.137098899999955,44.222659],[-78.137091299999952,44.22265520000002],[-78.137076,44.2226478],[-78.13706069999995,44.222639800000024],[-78.1370379,44.222639800000024],[-78.137007399999959,44.222640100000035],[-78.136976799999957,44.222639800000024],[-78.136946299999977,44.222636200000011],[-78.1369158,44.2226359],[-78.13688529999996,44.222632200000021],[-78.136854799999981,44.222632500000032],[-78.136824199999978,44.222624900000028],[-78.1367937,44.22262070000005],[-78.136770799999965,44.2226134],[-78.136740499999974,44.2226058],[-78.136709899999971,44.222594300000026],[-78.136687,44.222586500000034],[-78.136656499999958,44.22257890000003],[-78.136633599999982,44.222567700000013],[-78.1366031,44.22255610000002],[-78.136580199999969,44.222548300000028],[-78.136549599999967,44.2225368],[-78.1365267,44.2225295],[-78.136503799999957,44.222517800000048],[-78.136473299999977,44.222510200000045],[-78.1364504,44.222499],[-78.136420099999953,44.2224875],[-78.13638949999995,44.2224799],[-78.136366599999974,44.2224721],[-78.1363437,44.222464200000047],[-78.136320799999964,44.222457],[-78.136297899999988,44.222449200000028],[-78.136267399999952,44.222445500000049],[-78.136236899999972,44.222437900000045],[-78.136214,44.222434],[-78.1361834,44.222429800000043],[-78.136152899999956,44.222426200000029],[-78.136122399999977,44.222418600000026],[-78.1360995,44.2224147],[-78.136069,44.2224071],[-78.136046099999987,44.2223998],[-78.136015499999985,44.2223917],[-78.135985,44.222380700000031],[-78.135962099999972,44.222369],[-78.135931699999958,44.222357400000021],[-78.135901199999978,44.222346400000049],[-78.1358783,44.222334700000033],[-78.135847799999965,44.22232310000004],[-78.135824899999989,44.222312],[-78.135802,44.2223002],[-78.135779099999979,44.222289],[-78.135748499999977,44.2222736],[-78.1357256,44.222262400000034],[-78.135702699999968,44.222247200000027],[-78.13568,44.222231500000021],[-78.1356571,44.222216400000036],[-78.1356265,44.22220150000004],[-78.135603599999968,44.222178500000041],[-78.1355807,44.22215940000001],[-78.135573,44.2221518],[-78.1355577,44.22214770000005],[-78.135534799999959,44.222128600000019],[-78.135504499999968,44.2221058],[-78.135473899999965,44.222087],[-78.135451,44.2220752],[-78.135420499999952,44.22206030000001],[-78.135397499999954,44.2220446],[-78.135374599999977,44.222029500000019],[-78.13535939999997,44.222014200000046],[-78.13533659999996,44.221999],[-78.135321299999987,44.22198370000001],[-78.13530609999998,44.221965],[-78.135283099999981,44.2219493],[-78.135267899999974,44.2219306],[-78.1352526,44.221911300000045],[-78.1352298,44.221892300000036],[-78.135214499999961,44.221876900000041],[-78.135199299999954,44.221861600000011],[-78.135176299999955,44.221842500000037],[-78.135161,44.2218272],[-78.135145799999975,44.2218085],[-78.1351305,44.221789200000046],[-78.135115399999961,44.2217665],[-78.135100099999988,44.221743300000014],[-78.135092399999962,44.221724400000028],[-78.1350771,44.2217018],[-78.135069399999963,44.221678900000029],[-78.135054299999979,44.221655700000042],[-78.135046699999975,44.2216328],[-78.135039,44.22161],[-78.13503129999998,44.221587100000022],[-78.1350238,44.221564200000046],[-78.1350162,44.221541400000035],[-78.135016099999973,44.2215223],[-78.135016099999973,44.2215031],[-78.135016,44.2214801],[-78.1350086,44.2214611],[-78.135008499999969,44.221442],[-78.135008499999969,44.221419500000025],[-78.135008499999969,44.22140040000005],[-78.1350084,44.2213734],[-78.1350086,44.221346900000015],[-78.135008499999969,44.221319900000026],[-78.135008499999969,44.2212935],[-78.135016099999973,44.221270700000048],[-78.1350162,44.221247700000049],[-78.1350238,44.221224900000038],[-78.1350314,44.2212017],[-78.13503129999998,44.2211825],[-78.135039,44.2211638],[-78.135039099999972,44.2211446],[-78.135046699999975,44.221121900000014],[-78.135046699999975,44.22109880000005],[-78.135054199999956,44.221072200000037],[-78.13506179999996,44.221049500000049],[-78.135062,44.2210225],[-78.135061899999982,44.220999400000039],[-78.135061899999982,44.220972900000049],[-78.13506179999996,44.220949900000051],[-78.135069599999952,44.220923200000016],[-78.135069599999952,44.220904100000041],[-78.135077199999955,44.22088530000002],[-78.1350771,44.220866200000046],[-78.1350847,44.2208435],[-78.135084899999981,44.2208243],[-78.135084799999959,44.220805200000029],[-78.135084799999959,44.2207821],[-78.135084799999959,44.220763],[-78.1350847,44.220740500000034],[-78.135092499999985,44.2207133],[-78.135092499999985,44.2206908],[-78.135092399999962,44.220663700000046],[-78.135092399999962,44.220641200000046],[-78.135092499999985,44.220618200000047],[-78.135092499999985,44.220599],[-78.135092399999962,44.220576],[-78.1351,44.22055320000004],[-78.1351,44.220530200000042],[-78.135107799999957,44.2205075],[-78.1351153,44.220484700000043],[-78.1351153,44.220465600000011],[-78.1351229,44.220446300000049],[-78.1351229,44.220423800000049],[-78.135130599999968,44.2204044],[-78.135130599999968,44.2203814],[-78.135138199999972,44.22035470000003],[-78.135145799999975,44.220332],[-78.135145699999953,44.2203055],[-78.1351535,44.2202823],[-78.1351535,44.220259700000042],[-78.135161,44.220240400000023],[-78.135161,44.2202173],[-78.135168799999974,44.220194600000013],[-78.135168699999952,44.220175500000039],[-78.135176399999978,44.220156700000018],[-78.135176299999955,44.220137600000044],[-78.135183899999959,44.2201149],[-78.1351841,44.2200957],[-78.135184,44.220076600000027],[-78.135184,44.2200535],[-78.135183899999959,44.220034400000031],[-78.135191499999962,44.220015600000011],[-78.135199099999966,44.2199923],[-78.135199299999954,44.219973200000027],[-78.135206899999957,44.219946500000049],[-78.1352068,44.219920100000024],[-78.1352144,44.219893400000046],[-78.135214499999961,44.2198664],[-78.135222099999964,44.219843700000013],[-78.135222099999964,44.219820600000048],[-78.135222,44.219798100000048],[-78.135222199999987,44.219775100000049],[-78.135222199999987,44.2197559],[-78.135229699999968,44.2197332],[-78.135237299999972,44.2197099],[-78.135237299999972,44.2196874],[-78.135245099999963,44.219664100000045],[-78.135245,44.219637700000021],[-78.135245,44.2196146],[-78.135244899999975,44.2195921],[-78.13523749999996,44.2195653],[-78.1352374,44.2195423],[-78.1352374,44.219515800000011],[-78.135237299999972,44.219488800000022],[-78.13523749999996,44.2194624],[-78.1352374,44.219435300000043],[-78.1352374,44.219408900000019],[-78.135237299999972,44.2193785],[-78.1352374,44.219347600000049],[-78.1352374,44.2193211],[-78.135229699999968,44.2193095],[-78.135229699999968,44.219298300000048],[-78.135229699999968,44.2192791],[-78.13523749999996,44.219252500000039],[-78.1352374,44.219229400000017],[-78.1352374,44.219206900000017],[-78.135245,44.2191876],[-78.1352526,44.219168800000034],[-78.135252699999967,44.219145700000013],[-78.135252699999967,44.219122600000048],[-78.1352526,44.219096200000024],[-78.1352526,44.2190731],[-78.1352602,44.219046500000047],[-78.13526029999997,44.21902730000005],[-78.135267899999974,44.219008500000029],[-78.135267899999974,44.2189894],[-78.135275399999955,44.218966100000046],[-78.135275399999955,44.218943600000046],[-78.1352832,44.218924300000026],[-78.135283099999981,44.2189012],[-78.135290699999985,44.218878500000017],[-78.135298299999988,44.218855800000028],[-78.135298499999976,44.2188327],[-78.13530609999998,44.21881],[-78.135306,44.2187869],[-78.135306,44.2187644],[-78.135313599999961,44.218737200000021],[-78.135313699999983,44.218714700000021],[-78.135313699999983,44.218687700000032],[-78.135313599999961,44.2186686],[-78.135313599999961,44.2186494],[-78.135313599999961,44.218630900000051],[-78.135313699999983,44.218607800000029],[-78.135313699999983,44.218588600000032],[-78.135313599999961,44.2185695],[-78.135306,44.218546700000047],[-78.1353059,44.21852750000005],[-78.13530609999998,44.218505],[-78.135313699999983,44.218481700000041],[-78.135313699999983,44.218459200000041],[-78.135313599999961,44.218436200000042],[-78.1353135,44.218413100000021],[-78.13530609999998,44.21838630000002],[-78.135306,44.21836380000002],[-78.135306,44.218336800000031],[-78.135306,44.218314300000031],[-78.13530609999998,44.218295100000034],[-78.13530609999998,44.218272100000036],[-78.135306,44.218249],[-78.135313599999961,44.218226300000026],[-78.135313599999961,44.218207100000029],[-78.135313699999983,44.218188],[-78.135313699999983,44.218168900000023],[-78.135313699999983,44.218146400000023],[-78.135313599999961,44.2181233],[-78.135313599999961,44.218100200000038],[-78.135313699999983,44.218077700000038],[-78.135321299999987,44.218054400000028],[-78.1353289,44.218027800000016],[-78.135328799999968,44.218005300000016],[-78.13533659999996,44.217978100000039],[-78.13533659999996,44.2179595],[-78.135344199999963,44.217940200000044],[-78.1353441,44.217917100000022],[-78.1353517,44.2178983],[-78.135351899999989,44.217879200000027],[-78.1353595,44.217856500000039],[-78.1353671,44.2178371],[-78.135367,44.217818],[-78.135374599999977,44.217795300000034],[-78.135374799999965,44.217772200000013],[-78.1353823,44.217749500000025],[-78.1353823,44.2177264],[-78.13538989999995,44.217703700000015],[-78.13539,44.217676700000027],[-78.135397599999976,44.217654],[-78.13540519999998,44.217631200000028],[-78.13540519999998,44.217608200000029],[-78.135412799999983,44.217585500000041],[-78.135428199999978,44.217562500000042],[-78.135428099999956,44.217539500000044],[-78.13543569999996,44.217516700000033],[-78.135443299999963,44.217494],[-78.135443299999963,44.217474900000013],[-78.135451,44.2174516],[-78.135451,44.217425200000037],[-78.1354586,44.217402500000048],[-78.13545849999997,44.217375400000037],[-78.135466299999962,44.217352700000049],[-78.1354662,44.2173257],[-78.1354738,44.217299100000048],[-78.1354814,44.217272400000013],[-78.1354816,44.217246],[-78.135481499999969,44.217222900000024],[-78.135481499999969,44.2171998],[-78.135489,44.217177100000015],[-78.1354892,44.217154],[-78.1354892,44.21713550000004],[-78.135496699999976,44.217112200000031],[-78.135496699999976,44.217093],[-78.13550429999998,44.217074300000036],[-78.1355044,44.217047300000047],[-78.1355044,44.217024700000024],[-78.1355044,44.216997700000036],[-78.135512,44.216975],[-78.135511899999983,44.216952],[-78.135512099999971,44.2169255],[-78.135512,44.216902400000038],[-78.135512,44.216879400000039],[-78.135519499999987,44.2168527],[-78.135527299999978,44.21683],[-78.135527299999978,44.216803500000026],[-78.135534899999982,44.2167842],[-78.135534799999959,44.216765100000032],[-78.135542399999963,44.216742400000044],[-78.135542599999951,44.216723200000047],[-78.135550199999955,44.2167005],[-78.135557799999958,44.216673900000046],[-78.1355577,44.216650800000025],[-78.135565499999984,44.216624100000047],[-78.135565399999962,44.2165971],[-78.135565399999962,44.216570700000034],[-78.1355653,44.216543700000045],[-78.135565499999984,44.2165172],[-78.135573099999988,44.21649450000001],[-78.1355807,44.2164679],[-78.135580599999969,44.216444800000033],[-78.135588399999961,44.2164181],[-78.1355883,44.2163951],[-78.1355883,44.2163726],[-78.1355883,44.216349500000035],[-78.135588199999972,44.2163304],[-78.135588399999961,44.2163],[-78.1355959,44.216273300000012],[-78.1355959,44.216246300000023],[-78.135595799999976,44.2162199],[-78.135596,44.216192800000044],[-78.1355959,44.21616640000002],[-78.1355959,44.216139400000031],[-78.1356037,44.2161127],[-78.135603599999968,44.2160902],[-78.135603599999968,44.2160672],[-78.1356035,44.216044100000033],[-78.1356035,44.216021600000033],[-78.1356037,44.215998500000012],[-78.135603599999968,44.215971500000023],[-78.135611199999971,44.215948800000035],[-78.1356111,44.215922400000011],[-78.1356113,44.215899300000046],[-78.1356189,44.2158766],[-78.1356265,44.215849900000023],[-78.135626399999978,44.2158268],[-78.135626399999978,44.215799800000013],[-78.1356265,44.215777300000013],[-78.1356341,44.2157507],[-78.1356341,44.215727600000037],[-78.135634,44.215704500000015],[-78.13563419999997,44.215685400000041],[-78.13563419999997,44.2156668],[-78.1356341,44.215647700000034],[-78.135634,44.215620700000045],[-78.135641599999985,44.215598],[-78.135641799999974,44.215571],[-78.135641799999974,44.215548500000011],[-78.135641699999951,44.215521500000023],[-78.135641699999951,44.215499],[-78.135641799999974,44.215471900000011],[-78.135641699999951,44.215448900000013],[-78.135649299999955,44.215426200000024],[-78.135649299999955,44.215403700000024],[-78.135649299999955,44.2153806],[-78.135649399999977,44.215357500000039],[-78.135649399999977,44.215334400000017],[-78.135649299999955,44.215311900000017],[-78.135649299999955,44.215288900000019],[-78.1356571,44.2152661],[-78.135657,44.215247],[-78.135657,44.2152279],[-78.135664599999984,44.215209100000038],[-78.135672199999988,44.215185800000029],[-78.13568,44.215167100000031],[-78.13568749999996,44.215143800000021],[-78.135695099999964,44.215121100000033],[-78.135702699999968,44.215098300000022],[-78.135702699999968,44.215075300000024],[-78.135710499999959,44.215052600000035],[-78.1357104,44.215029500000014],[-78.135718,44.215006800000026],[-78.135718,44.214987600000029],[-78.1357256,44.21496830000001],[-78.135725699999966,44.21494580000001],[-78.13573329999997,44.214926500000047],[-78.135740899999973,44.2149111],[-78.135748499999977,44.214892300000031],[-78.135763699999984,44.214873300000022],[-78.135771499999976,44.214857900000027],[-78.135786699999983,44.214835],[-78.135794299999986,44.21481620000003],[-78.1358019,44.214796800000045],[-78.1358171,44.2147779],[-78.135824899999989,44.214751200000023],[-78.1358401,44.214728300000047],[-78.1358553,44.214705300000048],[-78.1358553,44.2146975],[-78.13586289999995,44.2146899],[-78.135870499999953,44.2146712],[-78.135886,44.2146482],[-78.135901199999978,44.214625300000023],[-78.135916399999985,44.214606300000014],[-78.1359316,44.214590700000031],[-78.1359468,44.214571700000022],[-78.135969899999964,44.214552500000025],[-78.135985099999971,44.214529600000049],[-78.136000299999978,44.214506700000015],[-78.136015499999985,44.214484300000038],[-78.13603089999998,44.21446480000003],[-78.136046099999987,44.214441800000031],[-78.1360613,44.214422800000023],[-78.136069,44.214404100000024],[-78.1360765,44.214380800000015],[-78.1360919,44.2143618],[-78.1360995,44.214343],[-78.1361071,44.214323700000023],[-78.136114699999951,44.214308800000026],[-78.136129899999958,44.214289300000019],[-78.136137699999949,44.2142705],[-78.136160599999982,44.2142513],[-78.1361758,44.214232300000049],[-78.136191,44.214209400000016],[-78.136206299999969,44.214194300000031],[-78.136221699999965,44.214174800000023],[-78.136236899999972,44.214155800000015],[-78.136244499999975,44.214141],[-78.136259699999982,44.21412140000001],[-78.136267299999986,44.214098700000022],[-78.136275099999978,44.2140799],[-78.136290299999985,44.214060400000051],[-78.136297899999988,44.2140377],[-78.1363055,44.214018900000042],[-78.1363207,44.213999300000012],[-78.1363285,44.213980500000048],[-78.1363437,44.2139616],[-78.1363513,44.21394220000002],[-78.1363589,44.213926800000024],[-78.136374099999955,44.213907800000015],[-78.136381699999959,44.213889100000017],[-78.13638949999995,44.2138736],[-78.136404699999957,44.213854700000013],[-78.136412299999961,44.213839300000018],[-78.136419899999964,44.2138205],[-78.136435099999971,44.213800900000024],[-78.136442899999963,44.21378610000005],[-78.136450499999967,44.21376680000003],[-78.136465699999974,44.213747800000021],[-78.136473299999977,44.213725],[-78.136480899999981,44.213705700000048],[-78.136496299999976,44.213686700000039],[-78.13650389999998,44.213664],[-78.136511499999983,44.213640700000042],[-78.1365267,44.21361840000003],[-78.1365343,44.213599],[-78.136542099999986,44.213580200000024],[-78.1365573,44.213560700000016],[-78.1365649,44.213545900000042],[-78.1365801,44.213526300000012],[-78.13658769999995,44.213507500000048],[-78.1365955,44.2134921],[-78.1366031,44.213473300000032],[-78.136618399999975,44.213454400000046],[-78.136633599999982,44.21343870000004],[-78.136648799999989,44.2134198],[-78.136664,44.213400800000045],[-78.136687099999961,44.213385500000015],[-78.136702299999968,44.213369900000032],[-78.136717499999975,44.213354800000047],[-78.136732699999982,44.213339800000028],[-78.136748,44.213324200000045],[-78.13676339999995,44.213305200000036],[-78.136778599999957,44.213286200000027],[-78.1368015,44.2132709],[-78.1368167,44.213252],[-78.1368319,44.213236900000027],[-78.136854799999981,44.21322170000002],[-78.136877799999979,44.213206400000047],[-78.136893,44.2131908],[-78.136915899999963,44.213175500000034],[-78.136938699999973,44.213156300000037],[-78.13696159999995,44.21314110000003],[-78.136977,44.213126],[-78.136999899999978,44.2131147],[-78.137015099999985,44.213099100000022],[-78.137038,44.213087800000039],[-78.137060799999972,44.21307250000001],[-78.137091299999952,44.213057600000013],[-78.137114399999973,44.213042300000041],[-78.137137199999984,44.213027100000033],[-78.13716009999996,44.2130118],[-78.137175299999967,44.2129923],[-78.137190499999974,44.212973300000044],[-78.137205699999981,44.2129582],[-78.137221099999977,44.212942600000019],[-78.137244,44.212927400000012],[-78.137266799999963,44.21291210000004],[-78.1372821,44.212897],[-78.1372973,44.212882],[-78.137320199999976,44.2128667],[-78.137335599999972,44.212851100000023],[-78.137350799999979,44.2128361],[-78.137366,44.212821],[-78.1373812,44.212801500000012],[-78.137396499999966,44.212786400000027],[-78.137411699999973,44.212775300000033],[-78.1374348,44.212760100000025],[-78.13745,44.21274440000002],[-78.137472799999955,44.212733100000037],[-78.137495699999988,44.2127218],[-78.137518599999964,44.212706500000024],[-78.1375491,44.212695],[-78.1375797,44.212679500000036],[-78.137610199999983,44.212668],[-78.13763309999996,44.212664600000039],[-78.13765589999997,44.2126566],[-78.137686499999973,44.212653],[-78.137709299999983,44.21264560000003],[-78.137732199999959,44.21263760000005],[-78.1377627,44.21263],[-78.137785599999972,44.2126187],[-78.137808599999971,44.21261080000005],[-78.137839099999951,44.212607100000014],[-78.137869599999988,44.21259950000001],[-78.137900099999968,44.2125959],[-78.1379306,44.212591700000019],[-78.137961099999984,44.2125919],[-78.137991599999964,44.212591700000019],[-78.1380221,44.212592],[-78.1380527,44.21258830000005],[-78.138090799999986,44.212588400000016],[-78.138121299999966,44.212584200000038],[-78.1381518,44.212584400000026],[-78.138182299999983,44.212584200000038],[-78.138212799999962,44.2125878],[-78.1382433,44.2125921],[-78.1382739,44.2125957],[-78.138304399999981,44.212603300000012],[-78.138334899999961,44.212607],[-78.1383654,44.212618500000019],[-78.138395899999978,44.212626100000023],[-78.13842649999998,44.21263760000005],[-78.138457,44.212653100000011],[-78.1384799,44.2126682],[-78.1385105,44.212683700000014],[-78.138533399999972,44.2126988],[-78.1385563,44.212714],[-78.138579,44.212733],[-78.138601899999969,44.212748200000021],[-78.1386248,44.21276720000003],[-78.1386478,44.2127863],[-78.138663099999974,44.212805600000024],[-78.138678299999981,44.2128209],[-78.138693599999954,44.212836200000027],[-78.1387087,44.212851],[-78.138724,44.21287030000002],[-78.1387393,44.21288560000005],[-78.13875459999997,44.212900900000022],[-78.1387699,44.212916300000018],[-78.13878509999995,44.212935],[-78.13880039999998,44.212950300000045],[-78.138815499999964,44.212965600000018],[-78.1388308,44.212981],[-78.138846099999967,44.212996300000043],[-78.1388614,44.213015],[-78.138876699999969,44.2130343],[-78.138892,44.213053600000023],[-78.1388996,44.21307250000001],[-78.138914699999987,44.213091800000029],[-78.138922399999956,44.21311460000004],[-78.138937699999985,44.213133300000038],[-78.138945299999989,44.213152800000046],[-78.138960599999962,44.213171500000044],[-78.1389757,44.2131908],[-78.138983399999972,44.21320970000005],[-78.138991,44.213225300000033],[-78.1390063,44.2132479],[-78.139014,44.213270800000032],[-78.1390217,44.213293600000043],[-78.139029099999959,44.213316500000019],[-78.139036799999985,44.21333930000003],[-78.139052099999958,44.213358600000049],[-78.139059799999984,44.213377500000036],[-78.139075099999957,44.213400700000022],[-78.139082499999972,44.213419700000031],[-78.1390902,44.21343470000005],[-78.139097899999967,44.213454100000035],[-78.139105499999971,44.213473100000044],[-78.1391132,44.213492],[-78.13912849999997,44.213515200000018],[-78.139136,44.2135341],[-78.139143599999954,44.213553],[-78.13915129999998,44.213579800000048],[-78.139159,44.213606600000048],[-78.139174299999979,44.213625300000047],[-78.1391741,44.213637200000051],[-78.1391817,44.2136448],[-78.139189399999964,44.21366770000003],[-78.1391971,44.213694500000031],[-78.139212399999963,44.2137171],[-78.1392199,44.21374],[-78.1392275,44.213758900000016],[-78.139235199999973,44.213778400000024],[-78.1392429,44.213801200000034],[-78.1392505,44.213820200000043],[-78.1392505,44.21383540000005],[-78.139258,44.213854300000037],[-78.139265699999953,44.213873800000044],[-78.139265699999953,44.213892900000019],[-78.139273399999979,44.21391570000003],[-78.1392811,44.213934700000038],[-78.139288499999964,44.213953600000025],[-78.1392962,44.213976400000035],[-78.1393038,44.213995400000044],[-78.139319199999989,44.214018600000031],[-78.1393268,44.21403360000005],[-78.139342099999965,44.214048900000023],[-78.139357199999949,44.214068200000042],[-78.139364799999953,44.2140832],[-78.139380099999983,44.2141024],[-78.139387799999952,44.214125300000035],[-78.139403099999981,44.2141446],[-78.139410799999951,44.214163500000041],[-78.1394259,44.214182700000038],[-78.1394335,44.2141977],[-78.139448799999968,44.2142131],[-78.139456399999972,44.214228],[-78.1394717,44.214247300000011],[-78.1394871,44.2142705],[-78.139494499999955,44.2142895],[-78.139502199999981,44.214312300000017],[-78.139517499999954,44.214327600000047],[-78.139525099999958,44.2143466],[-78.139532799999984,44.214365500000042],[-78.139540499999953,44.214385],[-78.139555499999972,44.214403700000048],[-78.139570899999967,44.214422900000045],[-78.139586099999974,44.21443830000004],[-78.1396014,44.214457],[-78.139609099999973,44.2144725],[-78.1396244,44.2144879],[-78.139631799999961,44.214506800000038],[-78.1396471,44.214522100000011],[-78.13965479999996,44.21453710000003],[-78.139670099999989,44.2145524],[-78.1396777,44.214571400000011],[-78.139693,44.214586700000041],[-78.1397007,44.2146022],[-78.139715799999976,44.2146176],[-78.13972339999998,44.214632600000016],[-78.139738699999953,44.214651800000013],[-78.139761599999986,44.214670900000044],[-78.139776899999958,44.214686200000017],[-78.1397998,44.214705300000048],[-78.139822699999968,44.2147243],[-78.139837799999952,44.2147397],[-78.139860699999986,44.214754800000037],[-78.139883699999984,44.214769900000022],[-78.1398989,44.214785300000017],[-78.139921799999968,44.214796400000012],[-78.1399371,44.2148118],[-78.13996,44.214826900000048],[-78.1399677,44.2148464],[-78.139982799999984,44.2148651],[-78.139990499999953,44.214888],[-78.140005799999983,44.214907200000027],[-78.140013399999987,44.214926100000014],[-78.140021099999956,44.214945600000021],[-78.1400286,44.21496460000003],[-78.1400362,44.214979500000027],[-78.140043899999966,44.2150024],[-78.1400592,44.215021700000023],[-78.1400668,44.215044500000033],[-78.140082099999972,44.2150638],[-78.140097199999957,44.215079100000025],[-78.140112499999987,44.2150939],[-78.140127799999959,44.215113200000019],[-78.140143099999989,44.215128500000048],[-78.140158399999962,44.215147800000011],[-78.140166099999988,44.215170600000022],[-78.14018109999995,44.215189400000042],[-78.140188799999976,44.215208800000028],[-78.1401965,44.2152317],[-78.140204199999971,44.215254500000015],[-78.140211799999975,44.215277400000048],[-78.140219299999956,44.215300300000024],[-78.140227,44.215323100000035],[-78.140234599999985,44.215342],[-78.140249899999958,44.215361300000041],[-78.140257599999984,44.215384200000017],[-78.140265099999965,44.215407],[-78.1402728,44.2154299],[-78.1402804,44.215452800000037],[-78.140288099999964,44.215475600000048],[-78.1402956,44.215494500000034],[-78.1403032,44.215514],[-78.140310899999974,44.215536900000018],[-78.1403186,44.2155558],[-78.1403262,44.215578700000037],[-78.140333699999985,44.215601500000048],[-78.140333799999951,44.215624600000012],[-78.140341399999954,44.215647400000023],[-78.14034909999998,44.215666400000032],[-78.140364399999953,44.215689],[-78.1403795,44.215708300000017],[-78.1403871,44.2157272],[-78.140394799999967,44.215746700000011],[-78.1404025,44.2157656],[-78.1404025,44.215784700000029],[-78.140410199999963,44.215799700000048],[-78.1404177,44.2158192],[-78.1404253,44.215838100000042],[-78.140433,44.215857],[-78.140440599999977,44.215872600000012],[-78.140455899999949,44.21589130000001],[-78.140463599999975,44.2159102],[-78.140471099999957,44.2159297],[-78.14047869999996,44.215948600000047],[-78.140486399999986,44.21596420000003],[-78.140494,44.215983100000017],[-78.140501699999959,44.216002],[-78.140509399999985,44.216020900000046],[-78.14052449999997,44.2160402],[-78.140532099999973,44.216055200000028],[-78.1405474,44.216074400000025],[-78.140555099999972,44.216093400000034],[-78.1405704,44.216112600000031],[-78.140585699999974,44.216128],[-78.140600799999959,44.216147200000023],[-78.140616,44.216166],[-78.1406237,44.21618490000003],[-78.140639,44.216208100000017],[-78.1406467,44.216227],[-78.140654099999949,44.216249900000037],[-78.140661799999975,44.216272700000047],[-78.1406695,44.2162922],[-78.140677199999971,44.216315100000031],[-78.140684799999974,44.216337900000042],[-78.140692299999955,44.216356800000028],[-78.140699899999959,44.216375800000037],[-78.140707599999985,44.216394700000023],[-78.140715299999954,44.216410200000041],[-78.140722899999957,44.216429100000028],[-78.140730599999983,44.216448100000036],[-78.140745699999968,44.216467300000033],[-78.1407534,44.216486300000042],[-78.140768699999967,44.216505500000039],[-78.140783899999974,44.216520900000035],[-78.1407992,44.216540100000032],[-78.140814499999976,44.21655880000003],[-78.140822,44.216577800000039],[-78.140837299999987,44.216597],[-78.140845,44.216619900000012],[-78.140860299999986,44.216639200000031],[-78.140867899999989,44.216662],[-78.140867799999967,44.216681200000039],[-78.14087539999997,44.216700100000025],[-78.1408755,44.216723200000047],[-78.1408831,44.216742100000033],[-78.140883199999962,44.21675730000004],[-78.140883,44.216776400000015],[-78.1408907,44.2167953],[-78.1408907,44.216818400000022],[-78.140898399999969,44.2168413],[-78.140898399999969,44.21686040000003],[-78.14090589999995,44.216883200000041],[-78.140913599999976,44.21690220000005],[-78.14092119999998,44.216921100000036],[-78.1409213,44.21694020000001],[-78.1409289,44.216955800000051],[-78.140928799999983,44.216978800000049],[-78.140936499999953,44.2169978],[-78.140936499999953,44.217016900000033],[-78.140936499999953,44.217039400000033],[-78.140944199999979,44.217054900000051],[-78.140944199999979,44.217074100000048],[-78.140944099999956,44.217093200000022],[-78.140944099999956,44.2171123],[-78.140951799999982,44.2171313],[-78.140951799999982,44.217150400000037],[-78.140951799999982,44.217172900000037],[-78.140959299999963,44.217192400000044],[-78.140959399999986,44.217214900000045],[-78.140959399999986,44.217238],[-78.140959499999951,44.217261],[-78.140966899999967,44.217283900000041],[-78.140967,44.217306400000041],[-78.140959399999986,44.21732970000005],[-78.140959399999986,44.217356100000018],[-78.140959499999951,44.217375300000015],[-78.140967,44.217398100000025],[-78.140967,44.217421200000047],[-78.140967,44.217443700000047],[-78.140967099999955,44.217466800000011],[-78.1409746,44.217489600000022],[-78.1409746,44.217512700000043],[-78.140974699999958,44.2175358],[-78.140982299999962,44.217558600000018],[-78.14099,44.2175815],[-78.141005099999973,44.217604100000017],[-78.1410128,44.217627],[-78.1410128,44.217646100000024],[-78.141012899999964,44.217665300000021],[-78.141020499999968,44.217688100000032],[-78.1410204,44.217707300000029],[-78.1410204,44.217730300000028],[-78.141020499999968,44.217752800000028],[-78.141028099999971,44.2177757],[-78.141028,44.217798800000025],[-78.141028,44.2178179],[-78.141028099999971,44.217837],[-78.141035699999975,44.2178599],[-78.1410358,44.217879],[-78.141035599999952,44.217898100000014],[-78.141043299999978,44.217913100000033],[-78.141043299999978,44.217932300000029],[-78.141043299999978,44.2179514],[-78.1410434,44.217970500000035],[-78.1410434,44.217989700000032],[-78.141043299999978,44.218012200000032],[-78.141043299999978,44.2180313],[-78.141035699999975,44.218054600000016],[-78.1410358,44.218081],[-78.141035599999952,44.2181041],[-78.141035699999975,44.2181266],[-78.141043299999978,44.218149500000038],[-78.1410434,44.218176500000027],[-78.141043299999978,44.218199500000026],[-78.141043299999978,44.218222],[-78.1410434,44.218249100000037],[-78.1410434,44.218271600000037],[-78.141051,44.218294400000048],[-78.141058499999986,44.2183139],[-78.141066199999955,44.218336800000031],[-78.141066199999955,44.218359300000031],[-78.141066299999977,44.21838230000003],[-78.141066099999989,44.2184054],[-78.141073799999958,44.218428300000028],[-78.141073899999981,44.2184474],[-78.141073899999981,44.218466500000034],[-78.141081499999984,44.2184815],[-78.141081399999962,44.21850070000005],[-78.141081399999962,44.218519800000024],[-78.141081499999984,44.218542900000045],[-78.141089099999988,44.218561800000032],[-78.141089199999954,44.2185809],[-78.1410967,44.218603800000039],[-78.1410967,44.218622900000014],[-78.141104399999961,44.2186418],[-78.141112,44.218664700000033],[-78.141112099999987,44.2186838],[-78.141112099999987,44.218702900000039],[-78.141119599999968,44.218725800000016],[-78.141119599999968,44.218744900000047],[-78.1411197,44.218764100000044],[-78.1411197,44.218786600000044],[-78.1411119,44.2188059],[-78.141112,44.2188251],[-78.141119599999968,44.218847900000014],[-78.1411197,44.218867],[-78.1411197,44.218886200000043],[-78.1411195,44.218908700000043],[-78.141119599999968,44.218927800000017],[-78.141119599999968,44.218950900000038],[-78.1411197,44.218974],[-78.1411197,44.2189965],[-78.141119599999968,44.219015600000034],[-78.141119599999968,44.2190387],[-78.1411197,44.21905780000003],[-78.141112,44.219076600000051],[-78.141112099999987,44.21909960000005],[-78.1411119,44.219118800000047],[-78.1411043,44.21913760000001],[-78.141096799999957,44.21915690000003],[-78.141089199999954,44.219175700000051],[-78.141066299999977,44.219194900000048],[-78.141058499999986,44.219210300000043],[-78.141043299999978,44.2192293],[-78.141043299999978,44.219255700000019],[-78.141051,44.2192791],[-78.14105109999997,44.2192943],[-78.141058699999974,44.219302],[-78.141073799999958,44.219320700000026],[-78.1410967,44.219343700000024],[-78.141112,44.219366400000013],[-78.1411349,44.219385400000021],[-78.14115019999997,44.219404700000041],[-78.141173,44.219419800000026],[-78.141180599999984,44.2194354],[-78.141195899999957,44.219450700000039],[-78.141195899999957,44.219458],[-78.141203599999983,44.219461800000033],[-78.141211199999987,44.219473400000027],[-78.141218899999956,44.219485],[-78.141226499999959,44.2195039],[-78.141234,44.219526700000017],[-78.141241699999966,44.219545700000026],[-78.141241699999966,44.219568700000025],[-78.141241799999989,44.219591800000046],[-78.141241799999989,44.219614300000046],[-78.141234,44.2196376],[-78.141234099999963,44.219664],[-78.141226499999959,44.219687300000032],[-78.141218899999956,44.21971],[-78.1412188,44.219729200000017],[-78.141211199999987,44.2197519],[-78.141203599999983,44.219771200000025],[-78.141196,44.21979],[-78.141188199999988,44.219816700000024],[-78.141173,44.2198396],[-78.141165399999977,44.219862300000045],[-78.141165399999977,44.2198702],[-78.1411655,44.21988140000002],[-78.1411579,44.219904700000029],[-78.1411501,44.219934800000033],[-78.14115019999997,44.219961800000021],[-78.14115019999997,44.21998480000002],[-78.1411503,44.22001130000001],[-78.1411501,44.220034400000031],[-78.141157799999974,44.220061200000032],[-78.141157799999974,44.220079700000042],[-78.14115019999997,44.220099100000027],[-78.1411501,44.220122100000026],[-78.1411501,44.220141300000023],[-78.14115019999997,44.220163800000023],[-78.1411579,44.220190600000024],[-78.1411579,44.220213600000022],[-78.141165399999977,44.220232600000031],[-78.141173,44.220255400000042],[-78.141188299999953,44.2202747],[-78.141196,44.220293600000048],[-78.1412037,44.220316500000024],[-78.141203499999961,44.220339600000045],[-78.141211199999987,44.2203624],[-78.141211199999987,44.2203849],[-78.141211299999952,44.2204041],[-78.141211099999964,44.2204271],[-78.141211199999987,44.220446300000049],[-78.141211199999987,44.220465400000023],[-78.141211199999987,44.220491800000048],[-78.141211299999952,44.220514900000012],[-78.141203499999961,44.2205376],[-78.141203599999983,44.220564600000046],[-78.141196,44.2205874],[-78.141188399999976,44.220610100000044],[-78.141188299999953,44.220637100000033],[-78.14118069999995,44.220663700000046],[-78.14118069999995,44.220690200000035],[-78.141173,44.220716800000048],[-78.141165399999977,44.220743500000026],[-78.141157799999974,44.2207707],[-78.1411503,44.220797400000038],[-78.1411425,44.220824],[-78.1411349,44.220850700000028],[-78.1411273,44.220873400000016],[-78.1411197,44.2209001],[-78.1411119,44.220922800000039],[-78.141104399999961,44.2209421],[-78.141089199999954,44.2209651],[-78.141073899999981,44.220984],[-78.141058699999974,44.221003],[-78.141043299999978,44.221022],[-78.141035699999975,44.221045300000014],[-78.141020499999968,44.221064300000023],[-78.141005299999961,44.221083300000032],[-78.140982399999984,44.221102500000029],[-78.140959399999986,44.221117700000036],[-78.140936499999953,44.221136900000033],[-78.1409137,44.2211522],[-78.140890799999966,44.221167500000035],[-78.140860299999986,44.221178400000042],[-78.140837499999975,44.221190300000046],[-78.140814399999954,44.221205600000019],[-78.1407916,44.221220800000026],[-78.140768699999967,44.2212361],[-78.1407458,44.221254700000031],[-78.140730599999983,44.2212743],[-78.140722899999957,44.221297],[-78.140707599999985,44.221316],[-78.1407,44.221338700000047],[-78.1406925,44.221362],[-78.1406849,44.221384700000044],[-78.1406771,44.221411400000022],[-78.140677199999971,44.221434400000021],[-78.140677199999971,44.221456900000021],[-78.140677199999971,44.22148],[-78.1406771,44.2215031],[-78.140684799999974,44.221526],[-78.140684799999974,44.2215524],[-78.1406925,44.2215792],[-78.1407,44.221606],[-78.1407,44.221632400000033],[-78.1407001,44.2216555],[-78.1407001,44.221678600000018],[-78.1407,44.221701100000018],[-78.1407,44.22172420000004],[-78.1407001,44.221747200000038],[-78.1407001,44.221773700000028],[-78.1407,44.22179680000005],[-78.140692399999978,44.2218234],[-78.140692399999978,44.2218499],[-78.140684799999974,44.2218765],[-78.1406695,44.221903400000031],[-78.1406619,44.22193],[-78.1406543,44.2219533],[-78.1406467,44.221976],[-78.1406313,44.221995],[-78.1406237,44.222017700000038],[-78.140608499999985,44.222036700000046],[-78.140600899999981,44.22206],[-78.140593299999978,44.22207880000002],[-78.140577899999982,44.222097800000029],[-78.140570299999979,44.222117100000048],[-78.140555099999972,44.22214],[-78.140539899999965,44.222159],[-78.140524699999958,44.222178],[-78.1405092,44.222197],[-78.140501699999959,44.222216400000036],[-78.140486399999986,44.222239300000012],[-78.140471199999979,44.222258300000021],[-78.140456,44.22227730000003],[-78.140440599999977,44.222296300000039],[-78.14042539999997,44.222319200000015],[-78.1404025,44.222338400000012],[-78.1403949,44.2223538],[-78.140379699999983,44.222372800000016],[-78.140364299999987,44.222391800000025],[-78.14034909999998,44.222406800000044],[-78.140333799999951,44.222422400000028],[-78.1403186,44.222437500000012],[-78.140295699999967,44.2224488],[-78.140272899999957,44.2224607],[-78.14025,44.222472],[-78.140226899999959,44.2224794],[-78.140196399999979,44.222487],[-78.140173599999969,44.222494900000015],[-78.140143,44.222490700000037],[-78.140104899999983,44.222483300000022],[-78.1400744,44.222471800000051],[-78.140066899999965,44.222464100000025],[-78.140059299999962,44.2224491],[-78.1400516,44.222437500000012],[-78.140036299999963,44.2224301],[-78.140028699999959,44.2224263],[-78.13999819999998,44.2224339],[-78.1399753,44.222441300000014],[-78.139944799999967,44.222448900000018],[-78.139921799999968,44.2224602],[-78.1399065,44.222475800000041],[-78.139891299999988,44.222490900000025],[-78.139868499999977,44.222510100000022],[-78.139860899999974,44.222528900000043],[-78.1398456,44.222551800000019],[-78.139837899999975,44.222571100000039],[-78.139830299999971,44.222593900000049],[-78.139815099999964,44.222609500000033],[-78.1397998,44.2226245],[-78.139777,44.222635800000035],[-78.1397541,44.222643800000014],[-78.139731,44.2226551],[-78.1397005,44.2226627],[-78.13967,44.2226703],[-78.139639499999987,44.2226779],[-78.139609,44.222685500000011],[-78.139578499999971,44.222689100000025],[-78.13955569999996,44.2226971],[-78.139525099999958,44.222700700000019],[-78.1394947,44.222712300000012],[-78.139464199999964,44.222719900000016],[-78.139433699999984,44.222731400000043],[-78.139410599999962,44.222742700000026],[-78.139387699999986,44.222754],[-78.139372499999979,44.222769700000015],[-78.139349699999968,44.222784900000022],[-78.1393344,44.222796],[-78.139311599999985,44.222815200000014],[-78.139288699999952,44.222830500000043],[-78.139265699999953,44.22284970000004],[-78.13925039999998,44.2228647],[-78.139235199999973,44.222883700000011],[-78.139212399999963,44.2229029]]]]}},
{"type":"Feature","properties":{"OGF_ID":68961667,"OFFICIAL_N":"Islands in the Trent Waters 36A","INDIAN_RES":"Indian Reserve","OBJECTID":95},"geometry":{"type":"MultiPolygon","coordinates":[[[[-78.1175596,44.232512700000029],[-78.117590099999973,44.232509],[-78.117620599999952,44.232508700000039],[-78.117651099999989,44.2325085],[-78.117674,44.232505],[-78.1177121,44.232505100000026],[-78.117742699999951,44.232508900000028],[-78.117773199999988,44.2325085],[-78.117803699999968,44.232512700000029],[-78.1178342,44.232512500000041],[-78.1178569,44.2325164],[-78.1178875,44.23252],[-78.117910399999971,44.232523900000047],[-78.117940899999951,44.2325242],[-78.11796389999995,44.232528],[-78.11798669999996,44.232531400000028],[-78.1180096,44.232539200000019],[-78.118040099999973,44.232546900000045],[-78.118063,44.232554600000014],[-78.118085899999983,44.2325624],[-78.118108899999982,44.232569600000033],[-78.118139399999961,44.232573400000035],[-78.118162199999972,44.2325811],[-78.118185199999971,44.232592900000043],[-78.118208,44.232600100000013],[-78.118238599999984,44.2326117],[-78.1182614,44.232626900000014],[-78.1182842,44.23263860000003],[-78.118299499999978,44.232649900000013],[-78.118322399999954,44.23266510000002],[-78.118337699999984,44.232680400000049],[-78.118353,44.232695700000022],[-78.118368399999952,44.232711100000017],[-78.1183835,44.232725900000048],[-78.118398599999978,44.232741200000021],[-78.11841389999995,44.23276050000004],[-78.118421599999976,44.2327755],[-78.118436899999949,44.2327947],[-78.118444499999953,44.232813600000043],[-78.118452199999979,44.23283310000005],[-78.118452199999979,44.232852400000013],[-78.118452,44.232870900000023],[-78.118444499999953,44.23289410000001],[-78.118444499999953,44.232913200000041],[-78.118436899999949,44.232928100000038],[-78.118436899999949,44.2329439],[-78.118429399999968,44.23295870000004],[-78.1184217,44.232978],[-78.11841389999995,44.233000700000048],[-78.118406399999969,44.233020100000033],[-78.1183987,44.233027600000014],[-78.1183987,44.2330389],[-78.1183835,44.2330579],[-78.11836059999996,44.2330849],[-78.118345399999953,44.23310790000005],[-78.11833,44.2331269],[-78.118322399999954,44.2331456],[-78.1183072,44.23316120000004],[-78.118291899999974,44.233180200000049],[-78.118276699999967,44.2331992],[-78.118269099999964,44.2332179],[-78.118253899999957,44.23323750000003],[-78.1182384,44.2332604],[-78.118223199999989,44.233279400000015],[-78.118208,44.233298400000024],[-78.1181851,44.233317600000021],[-78.1181699,44.23333660000003],[-78.11816239999996,44.23335540000005],[-78.1181545,44.233374700000013],[-78.1181545,44.23338990000002],[-78.1181469,44.23340920000004],[-78.1181317,44.233428200000048],[-78.118124099999989,44.233450900000037],[-78.118116499999985,44.2334702],[-78.1181014,44.2334892],[-78.118093399999964,44.233508],[-78.118085899999983,44.2335314],[-78.118085899999983,44.233549900000014],[-78.118070699999976,44.233569400000022],[-78.118063,44.233588200000042],[-78.1180554,44.233610900000031],[-78.11804,44.233630400000038],[-78.1180324,44.2336492],[-78.118024899999966,44.233675900000037],[-78.1180096,44.233698900000036],[-78.118002,44.2337215],[-78.1179869,44.233748400000025],[-78.117979,44.233771100000013],[-78.117971399999988,44.233798400000012],[-78.117956199999981,44.233820700000024],[-78.117948599999977,44.233843900000011],[-78.11793339999997,44.233870200000013],[-78.117917899999952,44.233893200000011],[-78.1179027,44.23392],[-78.1178951,44.2339427],[-78.1178875,44.233962100000042],[-78.1178799,44.233977500000037],[-78.117872399999953,44.233996400000024],[-78.1178645,44.234015600000021],[-78.117857,44.234031],[-78.117849399999955,44.2340499],[-78.117841699999985,44.2340691],[-78.117834099999982,44.234084],[-78.117826499999978,44.234103400000038],[-78.117818899999975,44.234122100000036],[-78.1178114,44.234137500000031],[-78.1178112,44.2341566],[-78.1178036,44.234175900000025],[-78.1178036,44.2341945],[-78.117796,44.2342099],[-78.1177884,44.234229200000016],[-78.117780899999957,44.234252],[-78.1177654,44.234278900000049],[-78.117750099999967,44.2343017],[-78.117734899999959,44.234328],[-78.117727399999978,44.234351400000037],[-78.117719699999952,44.234374],[-78.117711899999961,44.234400700000037],[-78.11770439999998,44.234423400000026],[-78.117696699999954,44.2344501],[-78.117689199999973,44.234473400000013],[-78.117674,44.234500200000014],[-78.117666399999962,44.2345229],[-78.1176509,44.2345459],[-78.117643399999963,44.234572500000013],[-78.1176357,44.2345952],[-78.117620499999987,44.234622100000024],[-78.117612899999983,44.234640900000045],[-78.1176051,44.234664100000032],[-78.117597499999988,44.234686900000042],[-78.117589899999984,44.234709600000031],[-78.1175824,44.23472890000005],[-78.1175824,44.2347441],[-78.117574899999966,44.234762900000021],[-78.1175672,44.234782200000041],[-78.1175594,44.234797600000036],[-78.117551899999967,44.2348164],[-78.1175442,44.234835700000019],[-78.1175366,44.234851100000014],[-78.117529,44.234873900000025],[-78.117521399999987,44.234896500000048],[-78.1175136,44.234919400000024],[-78.117506,44.234942500000045],[-78.117498399999988,44.234965200000033],[-78.11749089999995,44.234988],[-78.117483199999981,44.235007400000029],[-78.117475599999977,44.23503],[-78.117467899999951,44.235053400000027],[-78.117460199999982,44.235072100000025],[-78.117460199999982,44.2350912],[-78.117445,44.2351102],[-78.117437399999972,44.2351329],[-78.117422199999965,44.2351524],[-78.1174067,44.235171400000013],[-78.1173915,44.235190400000022],[-78.1173839,44.235209200000043],[-78.117376399999955,44.235224600000038],[-78.117361099999982,44.235243600000047],[-78.117353499999979,44.2352629],[-78.117338199999949,44.235281900000018],[-78.117330699999968,44.235301200000038],[-78.11731519999995,44.235323600000015],[-78.1173,44.235343200000045],[-78.117277099999967,44.2353584],[-78.11726189999996,44.2353774],[-78.117239,44.235392600000011],[-78.1172239,44.23541160000002],[-78.1172009,44.23543090000004],[-78.1171855,44.2354459],[-78.117162599999972,44.2354651],[-78.117139899999984,44.235480400000029],[-78.117116899999985,44.2354995],[-78.117094,44.2355187],[-78.1170712,44.235534],[-78.117048399999987,44.2355526],[-78.117033099999958,44.235568200000046],[-78.11701,44.235583500000018],[-78.116994899999952,44.235598500000037],[-78.116971899999953,44.235613900000033],[-78.116949,44.235629],[-78.116926199999966,44.235644400000012],[-78.116895699999986,44.235659700000042],[-78.116872899999976,44.235675],[-78.1168424,44.235686500000043],[-78.1168194,44.235697900000048],[-78.116796499999964,44.235705200000041],[-78.116766,44.235716700000012],[-78.1167355,44.235728400000028],[-78.1167049,44.2357399],[-78.116674399999965,44.235747400000037],[-78.116651399999967,44.23575470000003],[-78.116628599999956,44.2357627],[-78.11660569999998,44.235770100000025],[-78.1165752,44.235774400000025],[-78.1165446,44.235777900000016],[-78.116521899999952,44.2357854],[-78.116491399999973,44.23578950000001],[-78.1164607,44.2357892],[-78.1164379,44.2357814],[-78.116407399999957,44.235770400000035],[-78.116376899999977,44.235754900000018],[-78.116354,44.2357399],[-78.116331099999968,44.235728100000017],[-78.116300599999988,44.235717100000045],[-78.116277699999955,44.235705400000029],[-78.1162549,44.235694100000046],[-78.1162319,44.23568240000003],[-78.1162089,44.235671200000013],[-78.1161937,44.23565990000003],[-78.116170899999986,44.235648],[-78.116148,44.235632900000041],[-78.116117499999973,44.235621400000014],[-78.1160946,44.2356062],[-78.116071699999964,44.235591100000022],[-78.116048699999965,44.235572],[-78.1160334,44.235548900000026],[-78.116018399999973,44.2355301],[-78.116003,44.235506900000019],[-78.115995399999974,44.235488],[-78.1159877,44.235472400000049],[-78.1159877,44.235453900000039],[-78.11598,44.235434400000031],[-78.115972399999976,44.235415500000045],[-78.1159649,44.235392600000011],[-78.115957399999957,44.235373700000025],[-78.115949599999965,44.235354200000017],[-78.1159419,44.2353314],[-78.115934399999958,44.235308500000031],[-78.115934399999958,44.235286],[-78.115926899999977,44.2352631],[-78.115919099999985,44.2352404],[-78.115911399999959,44.23521740000001],[-78.115911399999959,44.235194400000012],[-78.1159037,44.235171500000035],[-78.115903899999978,44.235148400000014],[-78.115903899999978,44.235125400000015],[-78.115903899999978,44.235102900000015],[-78.115911399999959,44.23507950000004],[-78.115911399999959,44.235053100000016],[-78.115919199999951,44.235026400000038],[-78.115919099999985,44.234999400000049],[-78.115926699999989,44.2349729],[-78.115934399999958,44.234958],[-78.115934399999958,44.234938900000031],[-78.1159419,44.234919500000046],[-78.115942,44.234900400000015],[-78.115942,44.234873900000025],[-78.115949599999965,44.234847400000035],[-78.115949599999965,44.234820400000046],[-78.1159495,44.2347939],[-78.115949699999987,44.234770700000013],[-78.115949599999965,44.234747700000014],[-78.115949599999965,44.234721200000024],[-78.115949599999965,44.234698200000025],[-78.1159419,44.234675400000015],[-78.1159419,44.234648900000025],[-78.115942,44.234629700000028],[-78.115942,44.2346106],[-78.115949599999965,44.2345919],[-78.115949599999965,44.234568700000011],[-78.1159495,44.234545700000012],[-78.1159495,44.234522600000048],[-78.115949699999987,44.234496200000024],[-78.115957399999957,44.2344774],[-78.115957199999968,44.2344584],[-78.1159649,44.234435],[-78.1159649,44.234415900000045],[-78.115972399999976,44.234393100000034],[-78.1159649,44.234370400000046],[-78.1159725,44.234343600000045],[-78.1159725,44.234324500000014],[-78.1159801,44.23430570000005],[-78.1159801,44.234286600000019],[-78.115987599999983,44.234263400000032],[-78.1159879,44.234244200000035],[-78.1159879,44.2342256],[-78.1159879,44.234202500000038],[-78.1159877,44.2341834],[-78.115995399999974,44.234160700000018],[-78.116002899999955,44.2341374],[-78.1160031,44.234111],[-78.1160107,44.234088400000019],[-78.116010599999981,44.234065200000032],[-78.116010599999981,44.234038200000043],[-78.116010599999981,44.234019600000011],[-78.116018399999973,44.234000400000014],[-78.116026,44.233981500000027],[-78.116025899999954,44.2339584],[-78.116033499999958,44.233939100000043],[-78.116033499999958,44.23392],[-78.116041099999961,44.233897400000046],[-78.116041099999961,44.233878100000027],[-78.116041199999984,44.233855600000027],[-78.116041199999984,44.233828600000038],[-78.116048899999953,44.23380590000005],[-78.116048899999953,44.233786900000041],[-78.116064,44.233767900000032],[-78.116071899999952,44.2337445],[-78.1160794,44.233725700000036],[-78.1160794,44.233710500000029],[-78.116087,44.23369120000001],[-78.116086899999971,44.233672100000035],[-78.116094499999974,44.233653400000037],[-78.116102099999978,44.233626600000036],[-78.116109899999969,44.2336],[-78.116109899999969,44.233573],[-78.116125099999977,44.233546100000012],[-78.116125099999977,44.233523600000012],[-78.11613269999998,44.233504400000015],[-78.116140499999972,44.2334816],[-78.116148099999975,44.233458900000016],[-78.1161634,44.233432],[-78.116170899999986,44.233409400000028],[-78.1161861,44.233386400000029],[-78.1161937,44.2333597],[-78.116201499999988,44.233336400000042],[-78.1162167,44.2333135],[-78.116224399999965,44.233294700000044],[-78.1162319,44.233272],[-78.116247099999953,44.233252500000049],[-78.116262399999982,44.23322950000005],[-78.1162779,44.2332106],[-78.116293,44.2331916],[-78.116300599999988,44.2331762],[-78.116315899999961,44.233161100000018],[-78.116331099999968,44.2331461],[-78.1163464,44.233130500000016],[-78.1163616,44.233115400000031],[-78.116376899999977,44.233099900000013],[-78.11639219999995,44.2330849],[-78.11640749999998,44.233069700000044],[-78.116422699999987,44.233050700000035],[-78.1164379,44.2330351],[-78.1164609,44.2330159],[-78.116476,44.232996900000046],[-78.116491399999973,44.232981900000027],[-78.116506499999957,44.2329664],[-78.116521899999952,44.2329512],[-78.116537199999982,44.23293620000004],[-78.116552399999989,44.2329206],[-78.116567699999962,44.232905500000015],[-78.116590499999973,44.232890400000031],[-78.116605899999968,44.232875200000024],[-78.116628599999956,44.23286],[-78.1166591,44.232848500000046],[-78.116682,44.232836600000041],[-78.1167049,44.232825400000024],[-78.1167279,44.2328139],[-78.1167509,44.232802600000014],[-78.116773699999953,44.2327914],[-78.116796499999964,44.232779400000027],[-78.116827,44.2327679],[-78.116849899999977,44.232749400000046],[-78.116872899999976,44.232734],[-78.116903399999956,44.232722500000023],[-78.116926199999966,44.23271120000004],[-78.1169567,44.232699600000046],[-78.116987199999983,44.232688100000018],[-78.117017699999963,44.232680500000015],[-78.117040899999949,44.232669200000032],[-78.1170636,44.23266140000004],[-78.117086499999971,44.2326539],[-78.117101899999966,44.232646200000033],[-78.1171324,44.23263460000004],[-78.117162899999983,44.232623100000012],[-78.117193399999962,44.232611600000041],[-78.1172239,44.232604],[-78.117246699999953,44.232596600000022],[-78.1172772,44.2325851],[-78.117307699999969,44.232577500000048],[-78.11733049999998,44.232569600000033],[-78.117368699999986,44.232558400000016],[-78.117399199999966,44.2325429],[-78.117422199999965,44.232531600000016],[-78.1174375,44.232527900000036],[-78.1174527,44.232524],[-78.117483399999969,44.2325204],[-78.117521399999987,44.232516500000031],[-78.1175596,44.232512700000029]]],[[[-78.2249395,44.5589122],[-78.2249167,44.558900200000039],[-78.2248707,44.558900400000027],[-78.22484019999996,44.558900200000039],[-78.224832699999979,44.5588813],[-78.224825,44.5587438],[-78.224825,44.558663700000011],[-78.224832699999979,44.558618],[-78.224832699999979,44.558591400000012],[-78.22480969999998,44.5585567],[-78.224756499999955,44.558538],[-78.224733499999957,44.5585342],[-78.2247107,44.558545500000037],[-78.22468,44.558553],[-78.224657199999967,44.558561],[-78.224634199999969,44.5585605],[-78.224603699999989,44.558576],[-78.2245807,44.558595300000036],[-78.224550199999953,44.558614200000022],[-78.224527499999965,44.558629400000029],[-78.224504499999966,44.5586374],[-78.224313699999982,44.5586409],[-78.224252699999965,44.5586409],[-78.2242147,44.558641300000033],[-78.224184,44.558640800000035],[-78.224146,44.5586374],[-78.224123,44.55863690000001],[-78.224085,44.558636800000045],[-78.224039,44.55863690000001],[-78.224001,44.558644800000025],[-78.22397049999995,44.558644800000025],[-78.2239477,44.558652500000051],[-78.2239247,44.55866],[-78.223894499999972,44.55867870000003],[-78.223871199999962,44.558675500000049],[-78.223818,44.55868270000002],[-78.223772,44.55868270000002],[-78.2237417,44.558683300000041],[-78.2237035,44.558690400000046],[-78.223680699999989,44.558690400000046],[-78.223642499999983,44.558690400000046],[-78.223604499999965,44.5586864],[-78.223581199999956,44.5586864],[-78.223558499999967,44.558697700000039],[-78.2235432,44.558679200000029],[-78.223528,44.55866],[-78.223505,44.5586217],[-78.2234977,44.558587700000032],[-78.223482199999978,44.558568300000047],[-78.2234747,44.5585418],[-78.2234517,44.5585418],[-78.2234135,44.558537800000011],[-78.223375199999964,44.558538200000044],[-78.223344699999984,44.558538],[-78.223299,44.558538],[-78.223261,44.55852630000004],[-78.223222699999951,44.5585188],[-78.2232,44.558514900000034],[-78.2231617,44.558514900000034],[-78.2231387,44.558522900000014],[-78.223100699999975,44.558522900000014],[-78.223062499999969,44.5585302],[-78.2230242,44.5585299],[-78.22298619999998,44.558538],[-78.2229557,44.558545500000037],[-78.222933,44.558553],[-78.222895,44.558564700000034],[-78.222856499999978,44.5585724],[-78.222803199999987,44.558568500000035],[-78.222780199999988,44.5585797],[-78.2227575,44.558576],[-78.222719199999972,44.558587700000032],[-78.222681,44.558583700000042],[-78.222643,44.558583700000042],[-78.222612499999968,44.558591300000046],[-78.222551499999952,44.558591300000046],[-78.22251319999998,44.558591300000046],[-78.222429199999965,44.558595300000036],[-78.222398699999985,44.558595],[-78.222360499999979,44.558595],[-78.222337699999969,44.558587700000032],[-78.22231469999997,44.558576],[-78.222299699999951,44.558556900000042],[-78.222277,44.558549500000026],[-78.2222385,44.558537800000011],[-78.2222157,44.558518500000048],[-78.222208199999955,44.558499700000027],[-78.2221927,44.55848450000002],[-78.222177499999987,44.5584657],[-78.22217,44.558439],[-78.222162199999957,44.5583929],[-78.222147,44.5583545],[-78.222139499999969,44.558335700000043],[-78.222139499999969,44.5583014],[-78.222124,44.558282],[-78.22211649999997,44.5582288],[-78.222109,44.558183],[-78.222078499999952,44.558163900000011],[-78.222055499999954,44.5581449],[-78.222025,44.5581105],[-78.2219867,44.558099300000038],[-78.221956199999966,44.5580918],[-78.221933199999967,44.5580804],[-78.2218952,44.558080300000029],[-78.22187219999995,44.5580804],[-78.22184969999995,44.5580799],[-78.221819,44.558068500000047],[-78.221796,44.558068500000047],[-78.221773,44.558049400000016],[-78.221750199999974,44.5580382],[-78.2216967,44.558011800000031],[-78.221674,44.558003900000017],[-78.221635699999979,44.557992500000012],[-78.221613,44.55798070000003],[-78.221559499999955,44.557962],[-78.2215367,44.557946400000048],[-78.2215137,44.5579353],[-78.221491,44.5579353],[-78.221460499999978,44.5579237],[-78.221437499999979,44.557889400000022],[-78.22143,44.557870300000047],[-78.22141449999998,44.5578514],[-78.221391499999982,44.5578324],[-78.221353499999964,44.557805300000041],[-78.221330699999953,44.557805500000029],[-78.2212925,44.557794],[-78.221254499999986,44.557767400000046],[-78.221216199999958,44.5577558],[-78.2211855,44.557729],[-78.221162699999979,44.55770990000002],[-78.22114769999996,44.557691200000022],[-78.221109499999955,44.55768340000003],[-78.221086499999956,44.55768340000003],[-78.2210485,44.557652900000051],[-78.2210255,44.557633900000042],[-78.2210025,44.557626200000016],[-78.2209722,44.5576264],[-78.220926199999951,44.557622300000048],[-78.220895699999971,44.557622500000036],[-78.220872699999973,44.55761480000001],[-78.22085,44.5575842],[-78.220827199999974,44.557569200000046],[-78.220789,44.557538300000033],[-78.220804199999975,44.557523300000014],[-78.2208195,44.557504200000039],[-78.2208425,44.557485],[-78.2210025,44.5573627],[-78.2210255,44.5573554],[-78.2210637,44.5573554],[-78.221086499999956,44.55735930000003],[-78.2211092,44.557359500000018],[-78.221139699999981,44.557378],[-78.221163,44.5574049],[-78.221185699999978,44.5574239],[-78.2212237,44.557424300000037],[-78.2212467,44.5574239],[-78.221285,44.557416200000034],[-78.221323,44.557409],[-78.221353499999964,44.557408800000019],[-78.221376499999963,44.5574085],[-78.22141449999998,44.557420400000012],[-78.221460499999978,44.557439400000021],[-78.2214985,44.5574052],[-78.2215137,44.557386300000019],[-78.2215367,44.557378300000039],[-78.221567199999981,44.557370400000025],[-78.22159,44.5573632],[-78.221613,44.557362900000044],[-78.221643499999971,44.557370700000035],[-78.221666499999969,44.55738980000001],[-78.221689499999968,44.557408800000019],[-78.221712199999956,44.5574168],[-78.2217427,44.5574353],[-78.2219182,44.5574315],[-78.221956199999966,44.5574315],[-78.222093699999959,44.5574355],[-78.222131699999977,44.5574358],[-78.222154499999988,44.557427800000028],[-78.2221927,44.557412400000032],[-78.222208199999955,44.557393500000046],[-78.222231,44.557378300000039],[-78.2222615,44.557366700000046],[-78.2222845,44.55735930000003],[-78.22232269999995,44.55735930000003],[-78.222376,44.557351800000049],[-78.222406199999966,44.557355200000018],[-78.222444699999983,44.557355200000018],[-78.222475199999963,44.557347700000037],[-78.222498,44.557347700000037],[-78.222536199999979,44.557347700000037],[-78.222559,44.557340300000021],[-78.2225972,44.557340300000021],[-78.222627699999975,44.55735130000005],[-78.222658499999966,44.557378],[-78.222673699999973,44.5574052],[-78.2227115,44.5574317],[-78.2227347,44.557461900000021],[-78.2227575,44.557488800000044],[-78.222765,44.5575078],[-78.2227805,44.557553400000018],[-78.222780199999988,44.557587800000022],[-78.222803199999987,44.557607500000017],[-78.222826,44.5576264],[-78.222887,44.557652800000028],[-78.222925199999963,44.5576643],[-78.2229635,44.557691200000022],[-78.2229865,44.557710200000031],[-78.223009199999979,44.5577293],[-78.223062499999969,44.557740700000011],[-78.2230932,44.557748300000014],[-78.223131199999955,44.557748300000014],[-78.2231617,44.5577409],[-78.223199699999952,44.557740700000011],[-78.223238,44.557732900000019],[-78.223261199999968,44.557732900000019],[-78.223322199999984,44.557736800000043],[-78.223352499999976,44.5577369],[-78.223383,44.557736800000043],[-78.223413699999981,44.5577369],[-78.2234517,44.5577404],[-78.223474499999952,44.557759500000031],[-78.2235202,44.557779],[-78.223573699999974,44.5577978],[-78.223619699999972,44.557798200000036],[-78.2236577,44.5577978],[-78.223696,44.5577978],[-78.2237265,44.557801900000015],[-78.223749199999986,44.55780180000005],[-78.2237872,44.55780180000005],[-78.2238332,44.55780180000005],[-78.223863699999981,44.557813300000021],[-78.2239095,44.557821],[-78.223963,44.557824400000015],[-78.223985699999957,44.557824400000015],[-78.224024,44.557824400000015],[-78.2240622,44.557836300000019],[-78.224100199999953,44.55787],[-78.224123199999951,44.55790090000005],[-78.224146,44.557900800000027],[-78.224184199999968,44.55790090000005],[-78.224207,44.55790090000005],[-78.224237499999958,44.5578853],[-78.224275699999964,44.5578668],[-78.224313699999982,44.557859],[-78.2243292,44.557844],[-78.224352,44.5578319],[-78.2243747,44.557816700000046],[-78.22439,44.5577978],[-78.224420499999951,44.5577829],[-78.224458699999957,44.5577558],[-78.224481699999956,44.5577485],[-78.224504499999966,44.5577293],[-78.2245352,44.557702400000039],[-78.224550499999964,44.55768340000003],[-78.22458869999997,44.557660400000032],[-78.22461149999998,44.557641500000045],[-78.224642,44.557622500000036],[-78.2246647,44.557607300000029],[-78.224680199999966,44.55758830000002],[-78.224703,44.5575728],[-78.2248022,44.5575728],[-78.224832699999979,44.557576400000016],[-78.2248555,44.557576400000016],[-78.224878499999988,44.5575842],[-78.224901199999977,44.557603300000039],[-78.224954699999955,44.557622500000036],[-78.224993,44.557622500000036],[-78.225015699999972,44.5576264],[-78.225038699999971,44.5576337],[-78.225054,44.557652900000051],[-78.225061499999981,44.557686900000022],[-78.225077,44.5577174],[-78.225099699999987,44.5577174],[-78.22531349999997,44.557721500000014],[-78.225351499999988,44.557713800000045],[-78.225374199999976,44.557721500000014],[-78.2254125,44.557740700000011],[-78.2254355,44.55775970000002],[-78.2254355,44.557798],[-78.2254582,44.5578322],[-78.2254812,44.5578322],[-78.225519199999951,44.557836300000019],[-78.225557499999979,44.55782830000004],[-78.225595699999985,44.557817300000011],[-78.225626,44.557809500000019],[-78.225649199999964,44.557801400000017],[-78.225687199999982,44.557794200000046],[-78.22571,44.557786300000032],[-78.22574069999996,44.5577788],[-78.225763499999971,44.557759500000031],[-78.2257942,44.557740700000011],[-78.225817,44.55773320000003],[-78.225855199999955,44.557744500000013],[-78.225893199999973,44.557744500000013],[-78.22598469999997,44.557694700000013],[-78.226023,44.557668200000023],[-78.226045699999986,44.557657],[-78.226068699999985,44.557660200000043],[-78.226099199999965,44.557649300000037],[-78.2261375,44.557652800000028],[-78.226160199999981,44.557653300000027],[-78.2261982,44.557652800000028],[-78.226297699999975,44.557645500000035],[-78.226435,44.557649300000037],[-78.226465499999961,44.557649],[-78.226503499999978,44.557660200000043],[-78.226549199999965,44.5576873],[-78.226572199999964,44.5577063],[-78.226595,44.5577179],[-78.226625499999955,44.557725700000049],[-78.226648499999953,44.557736800000043],[-78.226671499999952,44.5577558],[-78.226686699999959,44.557771],[-78.226679,44.557844],[-78.226679,44.557881400000042],[-78.226686699999959,44.55790090000005],[-78.226701699999978,44.557916400000011],[-78.2267402,44.557927800000016],[-78.226763,44.5579275],[-78.226793699999973,44.557927800000016],[-78.226824,44.55793170000004],[-78.226824,44.557973200000049],[-78.2268087,44.558011300000032],[-78.226770499999986,44.558034300000031],[-78.226732499999969,44.558045900000025],[-78.226694499999951,44.5580612],[-78.22670949999997,44.558099],[-78.226702,44.558125800000028],[-78.226702,44.558152700000051],[-78.226702,44.55818720000002],[-78.226709699999958,44.558213800000033],[-78.226724699999977,44.558232500000031],[-78.22674,44.558251700000028],[-78.226732699999957,44.5582784],[-78.226732499999969,44.558324700000014],[-78.226747699999976,44.5583512],[-78.2267402,44.558377900000039],[-78.2267402,44.5584043],[-78.226725,44.55842320000005],[-78.2267172,44.558450500000049],[-78.226679,44.558476900000016],[-78.226648499999953,44.558492400000034],[-78.2266257,44.558491900000035],[-78.2265875,44.558499700000027],[-78.226557,44.5585072],[-78.226534,44.558515200000045],[-78.226496,44.5585264],[-78.226457699999969,44.558522700000026],[-78.226412,44.5585304],[-78.226374,44.5585304],[-78.226343199999974,44.5585302],[-78.226320499999986,44.5585302],[-78.226259499999969,44.558537800000011],[-78.2262212,44.5585342],[-78.22618319999998,44.5585342],[-78.226160199999981,44.5585342],[-78.2261297,44.558534],[-78.226107,44.558522900000014],[-78.226084,44.5585072],[-78.2260612,44.558488300000022],[-78.226030499999979,44.5584695],[-78.22600749999998,44.558450200000038],[-78.22598469999997,44.5584313],[-78.225946699999952,44.558412],[-78.2259085,44.558385500000043],[-78.2258855,44.558366400000011],[-78.2258625,44.558347500000025],[-78.225801499999989,44.558347],[-78.225763499999971,44.558343400000012],[-78.22574069999996,44.558355],[-78.22571,44.558362500000044],[-78.225695,44.55837740000004],[-78.225672,44.5584048],[-78.225649,44.55842320000005],[-78.2256185,44.558438800000033],[-78.225595699999985,44.558458200000018],[-78.225580499999978,44.5584842],[-78.225588,44.558511],[-78.225618699999984,44.558537800000011],[-78.2256415,44.5585567],[-78.225649,44.558576300000027],[-78.225672,44.558602800000017],[-78.225687199999982,44.558621900000048],[-78.22571,44.5586409],[-78.225725499999953,44.558660300000042],[-78.225733,44.558679200000029],[-78.225733,44.55871350000001],[-78.225740499999972,44.558740300000011],[-78.22574069999996,44.5587668],[-78.2257252,44.558793400000013],[-78.225717699999961,44.558812500000045],[-78.225679499999956,44.558839300000045],[-78.225649199999964,44.558847],[-78.225565,44.558843200000013],[-78.225534499999981,44.5588429],[-78.2253895,44.558847],[-78.225336199999958,44.5588467],[-78.225298,44.5588467],[-78.2252752,44.5588548],[-78.225244499999974,44.558862200000021],[-78.225221699999963,44.558881],[-78.225199,44.558889],[-78.2251685,44.5588965],[-78.2251455,44.558896800000014],[-78.225107199999968,44.558903900000018],[-78.22508449999998,44.558903900000018],[-78.225054,44.5589043],[-78.22497,44.55891170000001],[-78.2249395,44.5589122]]],[[[-78.272769699999969,44.558054700000014],[-78.2727392,44.5580544],[-78.272701,44.5580544],[-78.272678199999973,44.558047200000033],[-78.272655499999985,44.558035800000027],[-78.272632499999986,44.558028300000046],[-78.272594499999968,44.558024200000034],[-78.27257149999997,44.558005200000025],[-78.272533,44.557978500000047],[-78.2725102,44.557952],[-78.272472199999982,44.557925],[-78.272434,44.557913400000018],[-78.2723957,44.557902300000023],[-78.272357699999986,44.557913400000018],[-78.272319499999981,44.557909500000051],[-78.272281199999952,44.557902300000023],[-78.272273699999971,44.557883300000015],[-78.2721517,44.557760700000017],[-78.272136499999988,44.557746300000019],[-78.272113499999989,44.557726400000035],[-78.27206769999998,44.557707500000049],[-78.2720372,44.557696],[-78.2720142,44.557688800000051],[-78.271991499999956,44.557676900000047],[-78.271953199999984,44.557669800000042],[-78.271915,44.5576658],[-78.2718772,44.5576658],[-78.271839,44.5576658],[-78.2717932,44.5576658],[-78.271762699999954,44.557673500000021],[-78.27174,44.557654400000047],[-78.271732199999974,44.557627700000012],[-78.271732,44.557600700000023],[-78.271717,44.5575627],[-78.2717245,44.557536200000015],[-78.2717245,44.557509300000049],[-78.271671,44.557455900000036],[-78.2716787,44.557436700000039],[-78.271648199999959,44.557410300000015],[-78.27162519999996,44.55739090000003],[-78.271602199999961,44.557379200000014],[-78.271579699999961,44.5573794],[-78.2715412,44.557360300000028],[-78.271503199999984,44.557341400000041],[-78.2714575,44.5573149],[-78.271427,44.5573033],[-78.271404199999949,44.5572955],[-78.271381199999951,44.557284200000026],[-78.271327699999972,44.557276400000035],[-78.271305,44.557265200000018],[-78.271305,44.557230700000048],[-78.2712972,44.557192900000018],[-78.271289499999966,44.5571468],[-78.2712742,44.557127400000013],[-78.271259199999974,44.557112300000028],[-78.271236199999976,44.557082300000047],[-78.271213199999977,44.557047800000021],[-78.271205499999951,44.557028300000013],[-78.271190199999978,44.557009400000027],[-78.271190199999978,44.556963400000029],[-78.271198,44.5569367],[-78.271183,44.5569102],[-78.2711827,44.556883800000037],[-78.271175199999959,44.556837700000017],[-78.2711597,44.55682250000001],[-78.27115219999996,44.556803700000046],[-78.2710912,44.556784500000049],[-78.271053199999983,44.55677270000001],[-78.270999499999959,44.5567613],[-78.270938699999988,44.5567423],[-78.270915699999989,44.556735],[-78.2708927,44.556723500000032],[-78.270877499999983,44.556704],[-78.270854699999973,44.55668890000004],[-78.270831699999974,44.556658700000014],[-78.270809,44.5566394],[-78.2707782,44.556613],[-78.270770699999957,44.556586],[-78.270763,44.556532900000036],[-78.270763199999976,44.55649470000003],[-78.270763,44.556467400000031],[-78.270763199999976,44.556433200000015],[-78.2707557,44.556406500000037],[-78.270740199999977,44.5563687],[-78.2707097,44.5562238],[-78.270702,44.556197200000042],[-78.27070219999996,44.556162700000016],[-78.2706945,44.556136],[-78.2706945,44.556109],[-78.2706945,44.556078800000023],[-78.2706867,44.556025300000044],[-78.270687,44.555998400000021],[-78.270687,44.555964],[-78.2707097,44.555945300000019],[-78.270748,44.5559182],[-78.2707782,44.555910800000049],[-78.270816499999967,44.55589550000002],[-78.270839499999965,44.555884200000037],[-78.2708697,44.555876800000021],[-78.270854699999973,44.555857300000014],[-78.270854699999973,44.555830800000024],[-78.270847,44.555804],[-78.270847,44.555776900000012],[-78.270831699999974,44.555750400000022],[-78.2708012,44.55572380000001],[-78.270763,44.555704700000035],[-78.270740199999977,44.5556934],[-78.270725,44.555667],[-78.270740199999977,44.55564],[-78.270763199999976,44.555605500000013],[-78.270793699999956,44.5555979],[-78.270809,44.5555789],[-78.270786,44.5555329],[-78.270748,44.5555329],[-78.270717499999989,44.5555405],[-78.2706945,44.555548400000021],[-78.270664,44.555582800000025],[-78.270641,44.555594],[-78.2706182,44.555602],[-78.27058,44.555609300000015],[-78.270549499999959,44.5556095],[-78.270564699999966,44.55556340000004],[-78.2705722,44.555517800000018],[-78.270580199999984,44.555483800000047],[-78.2705952,44.555464700000016],[-78.270610499999975,44.5554224],[-78.270625699999982,44.555395800000042],[-78.270641,44.555376700000011],[-78.270664,44.555350300000043],[-78.270702,44.555342200000041],[-78.270740199999977,44.555334900000048],[-78.270763,44.555327],[-78.270793699999956,44.555308200000013],[-78.270816499999967,44.555293],[-78.2708472,44.555281300000047],[-78.27087,44.555273900000032],[-78.270893,44.555273700000043],[-78.270923499999981,44.555273400000033],[-78.270969199999968,44.555277200000035],[-78.270992,44.5552849],[-78.271022499999958,44.5552965],[-78.271022499999958,44.55532340000002],[-78.271030199999984,44.5553425],[-78.271037699999965,44.555376700000011],[-78.2710682,44.555396],[-78.271129499999972,44.555396],[-78.2711675,44.5553999],[-78.271190199999978,44.555399800000032],[-78.271213199999977,44.555406900000037],[-78.271243699999957,44.55543780000005],[-78.271266699999956,44.555453300000011],[-78.2712745,44.555491500000016],[-78.2712972,44.555510500000025],[-78.271312499999965,44.555544900000029],[-78.271312499999965,44.555571200000031],[-78.2712972,44.555598300000042],[-78.271266699999956,44.555625],[-78.27122849999995,44.555632300000013],[-78.271221,44.55565150000001],[-78.2712057,44.5556707],[-78.271213199999977,44.555716500000017],[-78.271198,44.555731500000036],[-78.271175199999959,44.555758],[-78.2711445,44.555804],[-78.271121699999981,44.55583850000005],[-78.2710912,44.555846],[-78.2710682,44.555853500000012],[-78.271045499999957,44.555872800000031],[-78.2710305,44.555891700000018],[-78.271015,44.555906700000037],[-78.271038,44.55592630000001],[-78.2710682,44.555937300000039],[-78.2710912,44.555945],[-78.2711142,44.555945],[-78.27115219999996,44.5559642],[-78.271175199999959,44.555983200000014],[-78.271213499999988,44.556002500000034],[-78.271236199999976,44.55601420000005],[-78.271266699999956,44.556013700000051],[-78.2712972,44.5560213],[-78.271373499999982,44.556044500000041],[-78.271404,44.5560443],[-78.2714497,44.5560448],[-78.271472499999959,44.556044500000041],[-78.2715035,44.556037],[-78.271541499999955,44.556029],[-78.2715642,44.556028800000036],[-78.271602499999972,44.556021500000043],[-78.2716405,44.556021500000043],[-78.271663499999988,44.5560327],[-78.271694,44.556033],[-78.271717,44.556033],[-78.271739699999955,44.556025800000043],[-78.2717702,44.556018],[-78.2717932,44.555998700000032],[-78.271816,44.5559907],[-78.271846499999981,44.5559829],[-78.27186949999998,44.55596440000005],[-78.271892199999968,44.555956400000014],[-78.2719227,44.555937500000027],[-78.271946,44.5559303],[-78.2719687,44.55593],[-78.271999199999982,44.5559414],[-78.272006699999963,44.5559604],[-78.2720372,44.555960800000037],[-78.272075499999971,44.555960300000038],[-78.272098199999959,44.555960800000037],[-78.272121199999958,44.5559528],[-78.272159499999987,44.5559528],[-78.2721975,44.555937500000027],[-78.272228199999972,44.555910800000049],[-78.272251,44.5558914],[-78.2722662,44.555876400000045],[-78.272289,44.55586530000005],[-78.27232719999995,44.555869200000018],[-78.27235,44.555869200000018],[-78.272388199999966,44.555869],[-78.2724187,44.555868700000019],[-78.2724417,44.5558805],[-78.2724647,44.5559682],[-78.272457,44.5560059],[-78.272457,44.556033],[-78.272457,44.556059800000014],[-78.2724647,44.556094300000041],[-78.272495,44.556132200000036],[-78.272525499999972,44.556185300000038],[-78.272548499999971,44.556197],[-78.272579,44.556204400000013],[-78.2726017,44.556216300000017],[-78.27264,44.556235],[-78.272663,44.5562428],[-78.272686,44.55626170000005],[-78.272708699999953,44.556273500000032],[-78.272724,44.5562923],[-78.272731499999963,44.5563189],[-78.272762,44.556326400000046],[-78.272785,44.55633830000005],[-78.272808,44.55633830000005],[-78.272838499999978,44.556319200000019],[-78.272861199999966,44.556303900000046],[-78.272884,44.556296],[-78.272914499999956,44.55629620000002],[-78.2729147,44.556322800000032],[-78.272922199999982,44.5563573],[-78.272907,44.5563955],[-78.2728917,44.55642180000001],[-78.2728917,44.556456300000036],[-78.272907199999963,44.556475400000011],[-78.272937499999955,44.5565019],[-78.272968,44.5565135],[-78.27299869999996,44.556521300000043],[-78.273036699999977,44.556532400000037],[-78.273067499999968,44.5565249],[-78.273090199999956,44.556498300000044],[-78.273105499999986,44.556479500000023],[-78.273128199999974,44.556464],[-78.273158699999954,44.556445],[-78.273181699999952,44.556437300000027],[-78.273204499999963,44.556464],[-78.273204699999951,44.55649040000003],[-78.27322,44.55651],[-78.273227499999962,44.556528800000024],[-78.273242699999969,44.556548],[-78.27326549999998,44.556555800000012],[-78.273288499999978,44.5565669],[-78.273326699999984,44.556559500000049],[-78.2733495,44.556559500000049],[-78.27338,44.556540700000028],[-78.273395199999982,44.556521],[-78.273418199999981,44.556479300000035],[-78.273433499999953,44.556452400000012],[-78.273456499999952,44.556425900000022],[-78.273487,44.556426200000033],[-78.273509699999977,44.556425900000022],[-78.273532699999976,44.556445],[-78.273548,44.556482900000049],[-78.273532699999976,44.556498500000032],[-78.27351,44.556506],[-78.2734792,44.556524700000011],[-78.273464199999978,44.55654450000003],[-78.2734792,44.556559200000038],[-78.273502,44.556571],[-78.2735252,44.5565899],[-78.273540199999957,44.5566164],[-78.273563199999955,44.5566435],[-78.273601199999973,44.556662500000016],[-78.273624199999972,44.556673700000033],[-78.2736622,44.556673700000033],[-78.2736855,44.556673700000033],[-78.27372349999996,44.556673700000033],[-78.273753699999986,44.556685300000026],[-78.273776699999985,44.556704300000035],[-78.273799699999984,44.556712],[-78.273845699999981,44.556730900000048],[-78.273876199999961,44.5567312],[-78.273914199999979,44.556742500000041],[-78.2739522,44.5567537],[-78.2739752,44.55676150000005],[-78.273998,44.5567732],[-78.274021,44.556780400000036],[-78.2740437,44.556799400000045],[-78.274074199999973,44.556819],[-78.274082,44.556910400000049],[-78.274074499999983,44.5570169],[-78.2740897,44.5570439],[-78.274082,44.557071],[-78.274082,44.5570973],[-78.2740667,44.5571162],[-78.274044,44.557131500000025],[-78.273990499999968,44.5571319],[-78.273967499999969,44.557139300000017],[-78.273944699999959,44.557131500000025],[-78.273937,44.557048],[-78.27392169999996,44.5570055],[-78.273914,44.556967400000019],[-78.27389119999998,44.556948800000043],[-78.2738607,44.556941],[-78.2738225,44.556948800000043],[-78.273799699999984,44.556956300000024],[-78.273777,44.556975500000021],[-78.2737462,44.557009400000027],[-78.273731,44.557024500000011],[-78.273731199999986,44.557051400000034],[-78.273731199999986,44.557082],[-78.273731199999986,44.5571089],[-78.273715699999968,44.557123900000022],[-78.273700499999961,44.557142900000031],[-78.273693,44.5571698],[-78.273677699999951,44.5571888],[-78.273647199999971,44.557204300000024],[-78.2736395,44.557230900000036],[-78.273632,44.557257400000026],[-78.27367019999997,44.55729580000002],[-78.273693,44.5573033],[-78.273731199999986,44.5573149],[-78.273784499999977,44.5573263],[-78.273830199999963,44.5573453],[-78.273861,44.557360800000026],[-78.2738837,44.557379700000013],[-78.273853,44.557398500000033],[-78.273830499999974,44.557405900000049],[-78.2738152,44.557425500000022],[-78.273799699999984,44.557452],[-78.273799699999984,44.557486200000028],[-78.273784499999977,44.5575245],[-78.273761699999966,44.557532300000048],[-78.273738699999967,44.557539800000029],[-78.273708199999987,44.557528200000036],[-78.27367,44.557520900000043],[-78.2736395,44.5575207],[-78.273609,44.557517],[-78.2735707,44.557517],[-78.273548,44.5575245],[-78.27351,44.557536200000015],[-78.273471699999959,44.557532300000048],[-78.27344869999996,44.557513200000017],[-78.2733877,44.5574598],[-78.273365,44.5574408],[-78.273334199999965,44.557421200000022],[-78.273311199999966,44.557402500000023],[-78.273288499999978,44.557395],[-78.27326549999998,44.557375800000045],[-78.273212199999989,44.557363900000041],[-78.273174199999971,44.557363900000041],[-78.273136,44.557379700000013],[-78.273128499999984,44.557398500000033],[-78.273113,44.557417500000042],[-78.273113,44.5574444],[-78.273105499999986,44.5574712],[-78.2730977,44.557498],[-78.273082499999987,44.557513],[-78.273067199999957,44.557532],[-78.273067499999968,44.557559],[-78.273075,44.5576049],[-78.273090199999956,44.557623500000034],[-78.2730977,44.557658200000049],[-78.273098,44.557684700000038],[-78.273113199999955,44.557703900000035],[-78.273197,44.557696],[-78.273227499999962,44.5577002],[-78.273250499999961,44.557688800000051],[-78.2732732,44.557680800000014],[-78.273311499999977,44.557673500000021],[-78.2733417,44.557673300000033],[-78.273365,44.557673300000033],[-78.2733877,44.557684700000038],[-78.2734107,44.557703900000035],[-78.273441199999979,44.557711500000039],[-78.273464,44.557730500000048],[-78.273471699999959,44.557749400000034],[-78.273471699999959,44.5577955],[-78.273456499999952,44.5578218],[-78.273441199999979,44.5578375],[-78.273433499999953,44.5578562],[-78.273403,44.557875700000011],[-78.273380199999963,44.5579174],[-78.273365,44.557936500000039],[-78.273349699999983,44.557951800000012],[-78.273326699999984,44.5579634],[-78.2732962,44.557970900000043],[-78.273265699999968,44.557959500000038],[-78.273235199999988,44.55795930000005],[-78.273212199999989,44.557940200000019],[-78.273204699999951,44.557921300000032],[-78.2731892,44.557905900000037],[-78.273204699999951,44.557852800000035],[-78.273197,44.557806700000015],[-78.2731665,44.5577953],[-78.273136,44.557776500000045],[-78.273059699999976,44.557749400000034],[-78.273037,44.5577303],[-78.272998499999972,44.557711200000028],[-78.272937499999955,44.557680800000014],[-78.2728995,44.557673500000021],[-78.2728765,44.557654400000047],[-78.272838199999967,44.557654400000047],[-78.272807699999987,44.557642900000019],[-78.272777499999961,44.557642700000031],[-78.272724,44.55764240000002],[-78.272686,44.5576393],[-78.272678,44.557756900000015],[-78.2726935,44.5577953],[-78.2726935,44.5578223],[-78.272724,44.5578562],[-78.272746699999971,44.557875500000023],[-78.27277719999995,44.557913900000017],[-78.272800199999949,44.5579482],[-78.2728232,44.557978500000047],[-78.272815499999979,44.558020200000044],[-78.27279249999998,44.558058800000026],[-78.272769699999969,44.558054700000014]]],[[[-78.2261067,44.560712300000034],[-78.226099199999965,44.560594200000025],[-78.226099199999965,44.560547900000017],[-78.2260837,44.560532800000033],[-78.226046,44.560521400000027],[-78.226023,44.560521400000027],[-78.225977199999988,44.560517800000014],[-78.225946699999952,44.5605175],[-78.225938699999972,44.56048340000001],[-78.225939,44.560437800000045],[-78.225916,44.560418800000036],[-78.225893199999973,44.560411],[-78.2258625,44.5603994],[-78.2258397,44.560380400000042],[-78.225801699999977,44.5603729],[-78.225794,44.560353500000019],[-78.2257712,44.5603079],[-78.2257482,44.560281300000042],[-78.22571,44.560242900000048],[-78.225687199999982,44.5602048],[-78.225664199999983,44.560189500000035],[-78.225649199999964,44.560159200000044],[-78.225626199999965,44.560143900000014],[-78.225603199999966,44.560132300000021],[-78.225580499999978,44.560120900000015],[-78.22555,44.56012080000005],[-78.22551169999997,44.56012080000005],[-78.225488699999971,44.56012080000005],[-78.225450699999953,44.56012080000005],[-78.225397199999975,44.5601287],[-78.225374499999987,44.560128500000019],[-78.225336199999958,44.560124500000029],[-78.22531349999997,44.5601325],[-78.225259699999981,44.560159400000032],[-78.225237,44.560166700000025],[-78.225199,44.560178],[-78.2251607,44.5601858],[-78.225130499999977,44.5601863],[-78.2250995,44.560182],[-78.225061499999981,44.560189800000046],[-78.225023499999963,44.560189800000046],[-78.2249852,44.560189800000046],[-78.224954699999955,44.56019],[-78.224932,44.560163],[-78.224909,44.5601512],[-78.224886,44.5601403],[-78.2248555,44.5601325],[-78.2248252,44.560113200000046],[-78.224786699999981,44.560094400000025],[-78.224748499999976,44.560082800000032],[-78.2247107,44.560082800000032],[-78.2246725,44.560083300000031],[-78.224634199999969,44.560071400000027],[-78.224588499999982,44.560071400000027],[-78.224550199999953,44.560071400000027],[-78.2245122,44.5600713],[-78.224474199999975,44.5600599],[-78.224451199999976,44.56004850000005],[-78.2244207,44.560040800000024],[-78.2243977,44.560029500000041],[-78.224344199999962,44.560029500000041],[-78.224314,44.560021900000038],[-78.224275499999976,44.560017800000026],[-78.224161199999969,44.560018300000024],[-78.224130699999989,44.560014],[-78.224085,44.560021900000038],[-78.224024,44.560021400000039],[-78.223986,44.560021900000038],[-78.223955499999988,44.56001040000001],[-78.223932499999989,44.560002700000041],[-78.2239095,44.5599838],[-78.223871499999973,44.55995740000003],[-78.223848199999964,44.559937700000035],[-78.223848499999974,44.559892],[-78.223840699999982,44.559873300000049],[-78.223818,44.559865200000047],[-78.223802699999965,44.559845900000028],[-78.2237872,44.55982750000004],[-78.223795,44.559800700000039],[-78.223779699999966,44.55978140000002],[-78.223757,44.559762500000033],[-78.223619499999984,44.559758400000021],[-78.223589,44.5597588],[-78.2235662,44.5597588],[-78.223581199999956,44.5597239],[-78.223604499999965,44.5597055],[-78.223635,44.559689900000023],[-78.2236577,44.559678500000018],[-78.22368819999997,44.559671],[-78.223711,44.559663],[-78.223734,44.5596443],[-78.223764499999959,44.559629],[-78.223802699999965,44.55960250000004],[-78.223825499999975,44.559594400000037],[-78.223840699999982,44.5595677],[-78.223841,44.559541300000035],[-78.223856,44.559522300000026],[-78.223871499999973,44.559488200000033],[-78.2238865,44.55945],[-78.2239247,44.559426700000017],[-78.22394,44.559407800000031],[-78.2239477,44.559388500000011],[-78.223978,44.559373500000049],[-78.223985699999957,44.55935420000003],[-78.224024,44.559346400000038],[-78.224054499999966,44.559331400000019],[-78.224077499999964,44.5593202],[-78.224108,44.55931240000001],[-78.224146,44.5592967],[-78.22416869999995,44.559278300000017],[-78.2241917,44.559262900000022],[-78.2242377,44.559243500000036],[-78.224275499999976,44.559228500000017],[-78.224298499999975,44.559216900000024],[-78.224336699999981,44.5592095],[-78.2243595,44.55920930000002],[-78.224390199999959,44.559213400000033],[-78.224451199999976,44.559213200000045],[-78.2244892,44.559213400000033],[-78.224527199999955,44.5592054],[-78.224550499999964,44.5591905],[-78.224581,44.559171400000025],[-78.224603699999989,44.559152300000051],[-78.224619,44.559136500000022],[-78.2246265,44.559117800000024],[-78.224657199999967,44.559110200000021],[-78.224718199999984,44.559110200000021],[-78.224741,44.5591139],[-78.2247792,44.5591023],[-78.224817499999972,44.5591139],[-78.224848,44.5591139],[-78.2248707,44.559113800000034],[-78.224893499999951,44.55912550000005],[-78.224931699999956,44.55912550000005],[-78.22497,44.55912550000005],[-78.224993,44.559117800000024],[-78.2250082,44.5591025],[-78.225023199999953,44.55908340000002],[-78.225046199999952,44.5590755],[-78.225076699999988,44.559056700000042],[-78.225099699999987,44.5590492],[-78.2251225,44.559041200000024],[-78.225161,44.559022300000038],[-78.225191199999983,44.5590148],[-78.225229499999955,44.559007400000041],[-78.2252522,44.5590072],[-78.225290499999971,44.5590072],[-78.225328699999977,44.559018800000047],[-78.225336199999958,44.559052800000018],[-78.225351499999988,44.55912550000005],[-78.2253437,44.559152300000051],[-78.225359199999957,44.559171400000025],[-78.225344,44.5592168],[-78.225328699999977,44.55923580000001],[-78.22531319999996,44.559262700000033],[-78.2252752,44.559277800000018],[-78.2252522,44.5592972],[-78.225237199999981,44.559311900000012],[-78.22526,44.55932370000005],[-78.2252982,44.559324],[-78.225328499999989,44.5593235],[-78.225351499999988,44.559316300000035],[-78.225374199999976,44.5593083],[-78.225405,44.559300800000017],[-78.225427699999955,44.559289200000023],[-78.225450499999965,44.55928190000003],[-78.225496699999951,44.5592552],[-78.225519499999962,44.559247200000016],[-78.225542,44.559247200000016],[-78.225572699999987,44.559239400000024],[-78.225603199999966,44.55924],[-78.225649199999964,44.559224500000028],[-78.225671699999964,44.5592052],[-78.22571,44.559190200000046],[-78.225733,44.559171],[-78.225763699999959,44.5591632],[-78.2257712,44.5591445],[-78.225801499999989,44.559129],[-78.225824499999987,44.5591025],[-78.225855,44.559095],[-78.225878,44.559087500000032],[-78.225900699999954,44.5590755],[-78.225939,44.5590798],[-78.225969499999962,44.5590798],[-78.225992499999961,44.559087300000044],[-78.226015199999949,44.55912520000004],[-78.226038,44.559144300000014],[-78.226053499999978,44.559171400000025],[-78.226045699999986,44.5592173],[-78.226061,44.559262900000022],[-78.226045699999986,44.5592972],[-78.226022699999987,44.55930440000003],[-78.225992499999961,44.559312200000022],[-78.225969499999962,44.559312200000022],[-78.2259315,44.559304900000029],[-78.2259085,44.559293300000036],[-78.225878,44.5592858],[-78.225847199999976,44.559274],[-78.225817,44.5592742],[-78.225778699999978,44.5592818],[-78.225778699999978,44.5593088],[-78.225778699999978,44.559335],[-78.22578649999997,44.559373],[-78.225801499999989,44.559388500000011],[-78.225824499999987,44.55940750000002],[-78.225847499999986,44.559419200000036],[-78.225877699999955,44.559426700000017],[-78.2258855,44.559445800000049],[-78.2259085,44.5594575],[-78.225939,44.559465],[-78.225962,44.5594762],[-78.22598469999997,44.5594759],[-78.226015199999949,44.55945730000002],[-78.226053499999978,44.559442],[-78.2260915,44.559423300000049],[-78.226129499999956,44.559407800000031],[-78.2261527,44.5593887],[-78.22618319999998,44.559373200000039],[-78.226206,44.559354400000018],[-78.226229,44.559339200000011],[-78.226259199999959,44.55932770000004],[-78.226282199999957,44.55931240000001],[-78.226320499999986,44.55930440000003],[-78.226343199999974,44.55930440000003],[-78.226373699999954,44.559304700000041],[-78.226412,44.559324],[-78.22644269999995,44.559342800000024],[-78.226473,44.5593503],[-78.226496,44.5593619],[-78.226519,44.5593809],[-78.226542,44.55940750000002],[-78.226557,44.559426700000017],[-78.226557,44.5594537],[-78.22646519999995,44.5594764],[-78.22643469999997,44.559487700000034],[-78.226396699999952,44.5595032],[-78.226396699999952,44.559541],[-78.226396699999952,44.559567900000047],[-78.226412,44.55958320000002],[-78.226419499999963,44.559602200000029],[-78.226442499999962,44.5596213],[-78.226480699999968,44.559640400000035],[-78.226503499999978,44.559651700000018],[-78.226534,44.559651700000018],[-78.226595199999963,44.559651700000018],[-78.226633199999981,44.559652],[-78.226656199999979,44.55965580000003],[-78.22670949999997,44.559656],[-78.226755499999967,44.55964780000005],[-78.226786,44.559640200000047],[-78.2268087,44.559629],[-78.2268315,44.559621500000048],[-78.226885,44.559606],[-78.226923199999987,44.559586700000011],[-78.226953499999979,44.5595793],[-78.226976499999978,44.559564],[-78.226999699999965,44.559545300000025],[-78.22703,44.5595298],[-78.227053,44.5595184],[-78.2270835,44.559503],[-78.227129,44.5594762],[-78.22716,44.559468700000025],[-78.227198,44.559460900000033],[-78.227236,44.559460900000033],[-78.227274,44.559460900000033],[-78.227297,44.559460900000033],[-78.22733519999997,44.559465],[-78.227373199999988,44.559472200000016],[-78.22741149999996,44.559491500000036],[-78.227442,44.559503],[-78.227472699999964,44.559510400000022],[-78.227495499999975,44.559522300000026],[-78.227518499999974,44.559529400000031],[-78.227541199999962,44.559541300000035],[-78.2275565,44.5595604],[-78.2275565,44.559602200000029],[-78.227549,44.559648],[-78.2275487,44.559693900000013],[-78.227564,44.559720800000036],[-78.2275565,44.5597472],[-78.2275717,44.559766500000023],[-78.22757919999998,44.559785500000032],[-78.22761,44.5598195],[-78.227602199999978,44.559838900000045],[-78.227617499999951,44.559911],[-78.22760969999996,44.559964700000023],[-78.227625,44.559991300000036],[-78.227617499999951,44.560044900000037],[-78.227632699999958,44.5600905],[-78.227617499999951,44.560136300000011],[-78.227602199999978,44.560155800000018],[-78.22757919999998,44.5601823],[-78.227564199999961,44.560197300000027],[-78.227541,44.5602053],[-78.227510699999982,44.560224],[-78.227472499999976,44.5602318],[-78.227449499999977,44.560250400000029],[-78.227396199999987,44.560285300000032],[-78.22736569999995,44.560300200000029],[-78.227342699999951,44.5603079],[-78.22732,44.560326700000019],[-78.2273047,44.560346300000049],[-78.227266699999973,44.560353500000019],[-78.227243699999974,44.5603615],[-78.2272132,44.560380400000042],[-78.2271902,44.560376500000018],[-78.22716749999995,44.560395800000038],[-78.22713669999996,44.5604108],[-78.227121499999953,44.560430200000042],[-78.2270835,44.560456700000032],[-78.2270605,44.560464700000011],[-78.22703,44.56048340000001],[-78.227007,44.560491],[-78.2269842,44.560498900000027],[-78.226954,44.560506500000031],[-78.226908,44.5605253],[-78.226869699999952,44.560541],[-78.226839199999972,44.560559800000021],[-78.226801199999954,44.5605678],[-78.226778,44.560575],[-78.226755199999957,44.560575],[-78.226717,44.560575],[-78.226679,44.560570900000016],[-78.226648499999953,44.560571400000015],[-78.2266257,44.5605787],[-78.226572199999964,44.560597800000039],[-78.226549199999965,44.5606057],[-78.2265342,44.560624800000028],[-78.226496,44.560632],[-78.226457699999969,44.560639700000024],[-78.226435,44.56064],[-78.226396699999952,44.560635900000023],[-78.2263587,44.560647800000027],[-78.2263357,44.560662900000011],[-78.226282499999968,44.560682],[-78.226259499999969,44.560689200000013],[-78.226229,44.560704700000031],[-78.226190699999961,44.5607119],[-78.226167699999962,44.560731300000043],[-78.2261375,44.560739],[-78.2261067,44.560712300000034]]],[[[-78.222437,44.557103500000039],[-78.222421699999984,44.557065800000032],[-78.222376,44.557065300000033],[-78.22234549999996,44.557065500000022],[-78.222322499999962,44.557065800000032],[-78.2222845,44.55705370000004],[-78.222246199999972,44.557054200000039],[-78.222208,44.5570424],[-78.222147,44.5570424],[-78.222124,44.5570424],[-78.222086,44.5570313],[-78.222048,44.5570313],[-78.2220097,44.55702720000005],[-78.221971699999983,44.55702720000005],[-78.2219485,44.55702720000005],[-78.221925699999986,44.557027400000038],[-78.221857,44.557015800000045],[-78.221818699999972,44.557015800000045],[-78.221796,44.5570045],[-78.221757699999955,44.5570045],[-78.221735,44.556996800000036],[-78.221712199999956,44.556992700000023],[-78.221681699999976,44.556985200000042],[-78.2216512,44.556974],[-78.221613,44.556973800000037],[-78.221582499999954,44.5569663],[-78.221551699999964,44.556947300000047],[-78.2214985,44.5569357],[-78.221445,44.5569165],[-78.221422199999949,44.55691680000001],[-78.221384,44.556905200000017],[-78.2213612,44.556897400000025],[-78.221323199999972,44.5568862],[-78.221300199999973,44.5568864],[-78.221262,44.556867300000022],[-78.221239,44.55685550000004],[-78.221216199999958,44.556848300000013],[-78.221185699999978,44.556821400000047],[-78.221155,44.556802],[-78.221124699999962,44.5567833],[-78.221101699999963,44.5567833],[-78.221079,44.5567835],[-78.221056199999964,44.556779400000039],[-78.221018,44.556779400000039],[-78.22096449999998,44.556779200000051],[-78.220873,44.556775800000025],[-78.220850199999973,44.556775800000025],[-78.220812,44.556768],[-78.220789,44.556763900000021],[-78.220766,44.5567562],[-78.220735499999989,44.556745300000046],[-78.2207125,44.556725800000038],[-78.22068969999998,44.556725800000038],[-78.220667,44.556718500000045],[-78.220644,44.5567067],[-78.220613499999956,44.556699300000048],[-78.220606,44.556680200000017],[-78.220583,44.5566685],[-78.220545,44.556649400000026],[-78.220514499999979,44.556642],[-78.22047619999995,44.556642],[-78.220453199999952,44.5566417],[-78.2204152,44.5566498],[-78.2203922,44.556645800000013],[-78.220338699999957,44.5566647],[-78.220316,44.556672700000036],[-78.2202777,44.556672700000036],[-78.220255,44.556661],[-78.220224499999972,44.556653500000039],[-78.22021669999998,44.5566344],[-78.220201499999973,44.55661520000001],[-78.220209,44.556588500000032],[-78.22024719999996,44.5565545],[-78.22027,44.556546800000035],[-78.220293,44.5565277],[-78.220323499999949,44.556519900000012],[-78.2203465,44.556512],[-78.220377,44.556504500000017],[-78.220399699999973,44.556485800000019],[-78.220422699999972,44.556477700000016],[-78.220438,44.5564587],[-78.220461,44.556443400000035],[-78.22047619999995,44.5564167],[-78.22049149999998,44.556397800000013],[-78.220514199999968,44.556379200000038],[-78.220545,44.556363500000032],[-78.220582699999966,44.556336400000021],[-78.220605699999965,44.556321300000036],[-78.220636499999955,44.556310200000041],[-78.220674499999973,44.55630240000005],[-78.220712699999979,44.556287400000031],[-78.2207965,44.556279500000016],[-78.220827,44.5562797],[-78.220865,44.556271800000047],[-78.220911,44.556272300000046],[-78.22094919999995,44.556275800000037],[-78.220987499999978,44.556275800000037],[-78.22101,44.556268400000022],[-78.221041,44.556268],[-78.221086499999956,44.556268400000022],[-78.221124699999962,44.5562797],[-78.2211552,44.556287200000043],[-78.2212237,44.55631790000001],[-78.221247,44.556325300000026],[-78.221277199999975,44.5563444],[-78.221300199999973,44.5563558],[-78.2213385,44.556375],[-78.2213612,44.556393900000046],[-78.221384199999989,44.5564089],[-78.221399199999951,44.556428200000028],[-78.221422199999949,44.556455300000039],[-78.221468,44.556466200000045],[-78.2214985,44.556477700000016],[-78.221529199999964,44.556478200000015],[-78.221559499999955,44.556477700000016],[-78.2216052,44.556470400000023],[-78.221636,44.556478],[-78.221658699999978,44.5564898],[-78.221681499999988,44.556500700000015],[-78.221704499999987,44.556515900000022],[-78.221757699999955,44.556527500000016],[-78.221780699999954,44.556539],[-78.221803699999953,44.556547],[-78.2219182,44.5565775],[-78.2219412,44.556577200000049],[-78.221994199999983,44.556596],[-78.222017199999982,44.556607700000029],[-78.2220405,44.5566149],[-78.222070699999961,44.55662650000005],[-78.222093699999959,44.556634300000042],[-78.222131699999977,44.556645800000013],[-78.222154699999976,44.5566455],[-78.2221927,44.556664900000044],[-78.222231,44.5566647],[-78.222253699999953,44.5566647],[-78.222276699999952,44.556657200000018],[-78.222307199999989,44.5566417],[-78.222292,44.556623200000047],[-78.222254,44.556604],[-78.222231,44.556604],[-78.222185199999956,44.556592500000022],[-78.222147,44.5565732],[-78.222124,44.556562],[-78.222093499999971,44.556546500000024],[-78.222070699999961,44.55653540000003],[-78.22206319999998,44.556515900000022],[-78.2220327,44.5565082],[-78.222025,44.5564895],[-78.2219867,44.556451200000026],[-78.221964,44.556432],[-78.221948699999984,44.5564167],[-78.221926,44.556397800000013],[-78.221918,44.556379],[-78.221918,44.5563333],[-78.221933499999977,44.556287200000043],[-78.221948699999984,44.556272300000046],[-78.2219715,44.5562529],[-78.221987,44.556237900000042],[-78.2220097,44.556218800000011],[-78.222040199999981,44.556203200000027],[-78.22206319999998,44.556191800000022],[-78.222086,44.556195700000046],[-78.2221242,44.556184500000029],[-78.222154499999988,44.5561882],[-78.222185,44.5561877],[-78.2222157,44.5561879],[-78.2222615,44.5561879],[-78.222292,44.5561882],[-78.222330199999988,44.556191800000022],[-78.222353199999986,44.5562112],[-78.222398699999985,44.556230200000016],[-78.222421699999984,44.556237400000043],[-78.222452,44.556256800000028],[-78.2224597,44.556275800000037],[-78.2224827,44.556294700000024],[-78.222521,44.556294700000024],[-78.222559199999978,44.556294900000012],[-78.222566699999959,44.5562602],[-78.222551499999952,44.5562147],[-78.22254369999996,44.556195700000046],[-78.222528499999953,44.55615],[-78.222521,44.556131200000038],[-78.2224905,44.556122900000048],[-78.222467699999982,44.556112],[-78.222444699999983,44.5561118],[-78.2223912,44.556104400000038],[-78.222368499999959,44.556100500000014],[-78.222330199999988,44.556107900000029],[-78.222131699999977,44.556104400000038],[-78.2221012,44.55610420000005],[-78.222078499999952,44.55610420000005],[-78.222040199999981,44.556112],[-78.2220175,44.556111500000043],[-78.221979199999964,44.556111500000043],[-78.221956199999966,44.5561083],[-78.2219182,44.556089200000031],[-78.2218952,44.5560812],[-78.22188,44.556062],[-78.221842,44.5560433],[-78.221819,44.556024200000024],[-78.221796,44.555997400000024],[-78.221757699999955,44.555978300000049],[-78.2217197,44.5559589],[-78.221674,44.5559399],[-78.221635699999979,44.555921],[-78.221613,44.555901700000049],[-78.221582499999954,44.555882900000029],[-78.2215597,44.55586790000001],[-78.221536499999957,44.555848500000025],[-78.2215137,44.555817900000022],[-78.2214682,44.55576480000002],[-78.221445,44.555726400000026],[-78.221429699999987,44.555711200000019],[-78.221422199999949,44.555692300000032],[-78.221407,44.555646800000034],[-78.221407,44.555612200000041],[-78.22141449999998,44.555593],[-78.22142249999996,44.555574200000024],[-78.221491,44.55553180000004],[-78.221506,44.5555127],[-78.221529199999964,44.555505400000015],[-78.221567199999981,44.555497400000036],[-78.2216052,44.5554902],[-78.221643499999971,44.5554902],[-78.221666499999969,44.555482400000017],[-78.221697,44.555482400000017],[-78.221727499999986,44.5554823],[-78.2217655,44.555493500000011],[-78.221796,44.5555018],[-78.221819,44.555520700000045],[-78.22184169999997,44.5555319],[-78.221864699999969,44.555551],[-78.22188749999998,44.5555779],[-78.221918,44.555596800000046],[-78.221948699999984,44.555623500000024],[-78.222025,44.55568820000002],[-78.222047699999962,44.555715300000031],[-78.222070699999961,44.555741800000021],[-78.222086,44.555772],[-78.222109,44.555806800000028],[-78.222131699999977,44.555825700000014],[-78.222154699999976,44.555837],[-78.222177699999975,44.555864],[-78.222200199999975,44.555890200000022],[-78.2222387,44.555917500000021],[-78.2222615,44.55592850000005],[-78.222299699999951,44.55593650000003],[-78.22232269999995,44.555947700000047],[-78.222360699999967,44.555947700000047],[-78.222398699999985,44.555947700000047],[-78.222429499999976,44.55595930000004],[-78.222452199999964,44.555978300000049],[-78.222475199999963,44.555986],[-78.222498,44.555997200000036],[-78.222551499999952,44.556023900000014],[-78.2225742,44.556035800000018],[-78.222612499999968,44.556042900000023],[-78.222635199999957,44.556062],[-78.222673499999985,44.5560739],[-78.222719199999972,44.556093],[-78.2227575,44.556093],[-78.222795499999961,44.556093],[-78.222826,44.5560853],[-78.222871699999985,44.5560964],[-78.222894699999983,44.55610420000005],[-78.222925199999963,44.556115700000021],[-78.2229635,44.556122900000048],[-78.22298619999998,44.556142300000033],[-78.223017,44.556180700000027],[-78.223055,44.556199200000037],[-78.223077699999976,44.556218300000012],[-78.223131199999955,44.5562185],[-78.223154,44.5562185],[-78.223192499999982,44.556230200000016],[-78.2232305,44.556229700000017],[-78.2232687,44.5562418],[-78.2232917,44.556248800000049],[-78.223306699999966,44.5562683],[-78.223329699999965,44.556287200000043],[-78.223352499999976,44.556306300000017],[-78.223368,44.556325500000014],[-78.223390699999982,44.5563444],[-78.2234365,44.556371300000023],[-78.223467,44.556379],[-78.22349,44.556398],[-78.223528199999976,44.556409200000019],[-78.223558499999967,44.556428700000026],[-78.223550699999976,44.556455300000039],[-78.223574,44.5564895],[-78.223581199999956,44.556508400000041],[-78.2236117,44.556519900000012],[-78.223635,44.5565277],[-78.223673,44.55655820000004],[-78.2237035,44.556577],[-78.223734,44.556592500000022],[-78.2237417,44.556611500000031],[-78.223764499999959,44.556630400000017],[-78.223795199999984,44.556630700000028],[-78.2238562,44.55663480000004],[-78.223879,44.55663480000004],[-78.22394,44.5566344],[-78.223978199999976,44.556626700000038],[-78.224069699999973,44.556630700000028],[-78.224222199999986,44.556623200000047],[-78.224245,44.556622900000036],[-78.2242832,44.55661520000001],[-78.2243062,44.556607700000029],[-78.224336699999981,44.556592200000011],[-78.2243825,44.5565737],[-78.224413199999958,44.556565400000011],[-78.224451199999976,44.556547],[-78.2244892,44.5565393],[-78.224527499999965,44.556531300000017],[-78.224550199999953,44.5565239],[-78.22458869999997,44.556515900000022],[-78.224626699999988,44.556497],[-78.224718199999984,44.556493200000034],[-78.224756499999955,44.556493200000034],[-78.224794499999973,44.556493500000045],[-78.224817199999961,44.556493200000034],[-78.224855699999978,44.556497300000046],[-78.2248937,44.556497300000046],[-78.224916499999949,44.556478],[-78.224947,44.556470400000023],[-78.2249625,44.556451400000014],[-78.2249852,44.556443400000035],[-78.225023499999963,44.556428200000028],[-78.225061499999981,44.556401900000026],[-78.22508449999998,44.5563828],[-78.225138,44.556375],[-78.2251607,44.556375],[-78.225199,44.556367200000011],[-78.225229499999955,44.5563674],[-78.2252522,44.556371300000023],[-78.225290199999961,44.556363500000032],[-78.225328499999989,44.556363500000032],[-78.225351499999988,44.556371300000023],[-78.225374499999987,44.556382500000041],[-78.225405,44.55639],[-78.225397199999975,44.5564172],[-78.2253897,44.5564359],[-78.225351499999988,44.556443700000045],[-78.22531319999996,44.556443700000045],[-78.22528269999998,44.556451400000014],[-78.2252752,44.5564703],[-78.22526,44.556485900000041],[-78.2252292,44.556504800000027],[-78.2252067,44.5565123],[-78.225183499999957,44.556519900000012],[-78.225153,44.5565315],[-78.225130199999967,44.556547],[-78.225092199999949,44.5565732],[-78.225054,44.556588500000032],[-78.225016,44.556596300000024],[-78.224992699999973,44.556596300000024],[-78.224954699999955,44.556596300000024],[-78.224924199999975,44.556604],[-78.224901499999987,44.556622900000036],[-78.224863499999969,44.556630400000017],[-78.224794499999973,44.556664900000044],[-78.224756499999955,44.556672700000036],[-78.2247185,44.5566799],[-78.224695199999985,44.556699300000048],[-78.2246725,44.5567067],[-78.22464169999995,44.556714200000044],[-78.224619,44.556733400000041],[-78.224588499999982,44.5567603],[-78.224565699999971,44.556767800000046],[-78.2245122,44.556775300000027],[-78.224474,44.556775300000027],[-78.22444349999995,44.556771700000013],[-78.224405499999989,44.5567835],[-78.224375,44.556779200000051],[-78.224329,44.556779400000039],[-78.224268199999983,44.556878400000016],[-78.224229699999967,44.556912800000021],[-78.224192,44.5569398],[-78.2241765,44.5569547],[-78.224169,44.556974300000036],[-78.22413819999997,44.556989],[-78.224100199999953,44.557008],[-78.224008499999968,44.557042700000011],[-78.223985699999957,44.557050200000049],[-78.2239477,44.557065300000033],[-78.2239247,44.557076700000039],[-78.2238865,44.5570844],[-78.2238562,44.557091900000046],[-78.2238332,44.5570922],[-78.223772199999985,44.557099400000027],[-78.223734,44.557100200000036],[-78.223696,44.557107300000041],[-78.223642499999983,44.557103700000027],[-78.2234135,44.5571074],[-78.2232,44.557096],[-78.223177,44.5570922],[-78.2231162,44.5570922],[-78.223078,44.5570922],[-78.223039699999958,44.557091900000046],[-78.222902499999975,44.557088],[-78.2228412,44.557084700000019],[-78.222811,44.5570844],[-78.222765199999969,44.557084700000019],[-78.222726699999953,44.5570808],[-78.2226887,44.557080500000041],[-78.2226657,44.557072800000014],[-78.222612199999958,44.557080500000041],[-78.2225742,44.557088300000032],[-78.222574499999951,44.557114800000022],[-78.2225742,44.557141700000045],[-78.222559199999978,44.5571878],[-78.22254369999996,44.557202800000027],[-78.222528499999953,44.557222],[-78.222490199999982,44.557229800000016],[-78.2224675,44.557222],[-78.222444699999983,44.557218],[-78.222414,44.557202500000017],[-78.222406199999966,44.5571837],[-78.222406499999977,44.557138],[-78.222421699999984,44.557119],[-78.222437,44.557103500000039]]],[[[-78.41425449999997,44.45334170000001],[-78.414361199999973,44.4533207],[-78.414422,44.453324900000041],[-78.4145072,44.453347800000017],[-78.414568199999962,44.4533485],[-78.414658199999963,44.4533788],[-78.414733499999954,44.453412800000024],[-78.414768,44.4534423],[-78.4148022,44.4534868],[-78.414820499999962,44.453553],[-78.4148242,44.453611800000033],[-78.414828,44.453652300000044],[-78.414841199999955,44.453718500000036],[-78.41483919999996,44.453799300000014],[-78.414831699999979,44.4538837],[-78.414835499999981,44.453935200000046],[-78.414834,44.453982900000028],[-78.414812,44.454048900000032],[-78.414750499999968,44.454084800000032],[-78.414697499999988,44.454165200000034],[-78.414656,44.454201500000011],[-78.4146245,44.454241500000023],[-78.414612499999976,44.454307500000027],[-78.4145962,44.45434780000005],[-78.414584699999978,44.454399],[-78.414532,44.454483],[-78.414521,44.454512300000033],[-78.414478499999973,44.454581800000028],[-78.4144162,44.45464],[-78.4143942,44.454702],[-78.4143517,44.454771500000049],[-78.414274699999964,44.454818500000044],[-78.414212499999962,44.454869300000041],[-78.414134499999989,44.454949200000044],[-78.41411869999996,44.4549637],[-78.414046,44.45503640000004],[-78.4139735,44.45509080000005],[-78.413897,44.4551194],[-78.41381,44.455151400000034],[-78.413763499999959,44.45518050000004],[-78.4137212,44.455249700000024],[-78.41362,44.4552524],[-78.413528199999973,44.455269900000019],[-78.413461699999971,44.455298700000014],[-78.41342,44.455346],[-78.413343,44.455385800000045],[-78.413286199999959,44.455421700000045],[-78.4132702,44.455451],[-78.4131582,44.455475500000034],[-78.413101199999971,44.455519],[-78.412999499999955,44.455543800000044],[-78.412933499999951,44.4555542],[-78.412857,44.4555717],[-78.412740199999973,44.455589],[-78.412679,44.455599300000017],[-78.412628499999983,44.455591500000025],[-78.412564199999963,44.455590800000039],[-78.412564,44.455543],[-78.4125752,44.455506500000013],[-78.412586699999963,44.455455200000017],[-78.4125937,44.455393],[-78.4126202,44.455345500000021],[-78.412636,44.455319800000041],[-78.412673,44.4552688],[-78.4127095,44.455228700000021],[-78.412726699999951,44.455151700000044],[-78.4127375,44.455129700000043],[-78.412771,44.4550127],[-78.412808,44.454954200000032],[-78.412809,44.4549212],[-78.412825199999986,44.454877300000021],[-78.412847199999987,44.4548188],[-78.4128687,44.4547713],[-78.412905699999953,44.454713],[-78.412953499999958,44.4546434],[-78.41298519999998,44.454584900000043],[-78.413007199999981,44.45452640000002],[-78.413034,44.4544679],[-78.413076199999978,44.454406],[-78.413093,44.4543473],[-78.4131205,44.454266800000028],[-78.413142,44.454226800000015],[-78.413163699999984,44.454171700000018],[-78.413170699999966,44.454098200000033],[-78.4132032,44.454021800000021],[-78.413230199999987,44.453959400000031],[-78.413252,44.45390070000002],[-78.413284,44.453838800000028],[-78.413336,44.4537952],[-78.413383,44.453736900000024],[-78.413394199999971,44.453696400000013],[-78.413436,44.453649200000029],[-78.4135182,44.453605900000014],[-78.413585499999954,44.453555200000039],[-78.413637,44.4535227],[-78.413689,44.4534754],[-78.41370969999997,44.453453800000034],[-78.413766499999952,44.453413800000021],[-78.413827499999968,44.453403500000036],[-78.413919,44.453386],[-78.4139902,44.453375700000038],[-78.414067,44.453350700000044],[-78.414158199999974,44.453344300000026],[-78.41425449999997,44.45334170000001]]],[[[-78.271541499999955,44.445459],[-78.271518499999956,44.445447400000035],[-78.2714805,44.445447400000035],[-78.2714345,44.4454169],[-78.27139649999998,44.445416800000032],[-78.271366,44.445397900000046],[-78.271343,44.44539020000002],[-78.27132,44.445371300000033],[-78.271282,44.445351900000048],[-78.271198,44.44530640000005],[-78.271175199999959,44.4452875],[-78.27115219999996,44.445268400000032],[-78.271137,44.445249200000035],[-78.271114,44.445230300000048],[-78.2710912,44.4452033],[-78.2710682,44.445184200000028],[-78.271037699999965,44.44516550000003],[-78.271007199999985,44.445131],[-78.2709767,44.445119200000022],[-78.270954,44.4451115],[-78.270931,44.445092400000021],[-78.2709615,44.4450013],[-78.2709767,44.4449859],[-78.2709845,44.444966800000032],[-78.2709997,44.444940300000042],[-78.2710912,44.44481780000001],[-78.271106499999973,44.444798700000035],[-78.2711372,44.444779900000015],[-78.271175199999959,44.444745800000021],[-78.271198,44.444730500000048],[-78.271213499999988,44.444711500000039],[-78.2712515,44.444676900000047],[-78.271282,44.4446504],[-78.271305,44.444615900000031],[-78.271327699999972,44.4445968],[-78.271343,44.444577800000047],[-78.271358199999952,44.444562800000028],[-78.271373499999982,44.4445437],[-78.271411699999987,44.444509200000027],[-78.271427,44.444482500000049],[-78.2714345,44.444462900000019],[-78.27145,44.44443670000004],[-78.271465199999966,44.4444019],[-78.2714805,44.4443678],[-78.271503199999984,44.444341300000019],[-78.271518499999956,44.444322200000045],[-78.271534,44.444303200000036],[-78.271572,44.444269],[-78.271602499999972,44.4442535],[-78.27161,44.4442348],[-78.271663499999988,44.444207700000049],[-78.271739699999955,44.444173700000022],[-78.271778,44.444158500000015],[-78.271816199999989,44.4441314],[-78.271854,44.444105300000047],[-78.27186949999998,44.4440894],[-78.2719,44.4440705],[-78.271961199999964,44.444043500000021],[-78.27209849999997,44.44396740000002],[-78.272144,44.443952300000035],[-78.272167,44.4439408],[-78.272205199999974,44.443925400000012],[-78.272228199999972,44.443917700000043],[-78.272258499999964,44.443906800000036],[-78.27229669999997,44.4438988],[-78.272319699999969,44.443883500000027],[-78.272335,44.443864500000018],[-78.272357699999986,44.443856500000038],[-78.272373,44.4438374],[-78.272388499999977,44.443822400000045],[-78.2723957,44.44379570000001],[-78.272411199999965,44.4437767],[-78.2724495,44.44372340000001],[-78.272464499999955,44.4437044],[-78.27249519999998,44.4436508],[-78.27251769999998,44.443635300000039],[-78.272548499999971,44.443616500000019],[-78.272586699999977,44.443601300000012],[-78.2726247,44.443574400000045],[-78.2726477,44.443547700000011],[-78.272769699999969,44.443425400000024],[-78.272792699999968,44.443398900000034],[-78.272808,44.44338],[-78.272830699999986,44.44336480000004],[-78.272846,44.443345800000031],[-78.272899199999983,44.443277200000011],[-78.27293,44.443250400000011],[-78.272953,44.443223500000045],[-78.27296819999998,44.443204200000025],[-78.272983499999953,44.443185200000016],[-78.272991,44.443151300000011],[-78.2730062,44.44312450000001],[-78.27302149999997,44.4431055],[-78.273037,44.44308970000003],[-78.273059699999976,44.44307120000002],[-78.273090199999956,44.4430557],[-78.2730977,44.443036900000038],[-78.273128199999974,44.443021400000021],[-78.273151199999973,44.44301],[-78.273174199999971,44.4429948],[-78.273204499999963,44.4429872],[-78.273281,44.442941],[-78.273304,44.442925700000046],[-78.2733422,44.4428992],[-78.273357199999964,44.442880300000013],[-78.2733877,44.4428727],[-78.273426,44.442864900000018],[-78.27349449999997,44.44289150000003],[-78.2735252,44.442903],[-78.273517499999969,44.442922400000043],[-78.273494699999958,44.442956400000014],[-78.2734792,44.442976],[-78.2734562,44.443002500000034],[-78.273441199999979,44.4430175],[-78.273403,44.443044500000042],[-78.273372699999982,44.443052],[-78.2733495,44.443052300000033],[-78.273326699999984,44.443059800000015],[-78.2732962,44.443086200000039],[-78.273288699999966,44.443105200000048],[-78.273258,44.4431207],[-78.273281,44.443158800000049],[-78.273311499999977,44.443166500000018],[-78.273334499999976,44.4431702],[-78.2733725,44.4431702],[-78.2733955,44.4431702],[-78.273418199999981,44.443177900000023],[-78.273433499999953,44.44319680000001],[-78.273441199999979,44.443216],[-78.2734562,44.443261900000039],[-78.27344869999996,44.443406700000025],[-78.2734562,44.443566700000019],[-78.27344869999996,44.44359350000002],[-78.27344869999996,44.443673900000022],[-78.27344869999996,44.443704200000013],[-78.2734337,44.443738400000029],[-78.273433499999953,44.44376550000004],[-78.2734107,44.443852900000024],[-78.273403,44.44387230000001],[-78.273403199999962,44.443898500000046],[-78.2733877,44.443925400000012],[-78.273372699999982,44.443944500000043],[-78.273372699999982,44.443971500000032],[-78.273303699999985,44.444059],[-78.273288499999978,44.444085800000039],[-78.273265699999968,44.444112500000017],[-78.27325019999995,44.4441392],[-78.273227499999962,44.444158],[-78.273212199999989,44.444180900000049],[-78.273090199999956,44.4443263],[-78.273075,44.444341300000019],[-78.273036699999977,44.444394700000032],[-78.27302149999997,44.444421500000033],[-78.272998499999972,44.4444403],[-78.2729832,44.444455700000049],[-78.272968,44.4444823],[-78.272945199999981,44.444501400000036],[-78.27293,44.4445283],[-78.272907199999963,44.444543400000043],[-78.2728917,44.4445705],[-78.272853699999985,44.444615900000031],[-78.2728232,44.444631500000014],[-78.272800199999949,44.444657900000038],[-78.272769699999969,44.444676900000047],[-78.272746699999971,44.444692300000042],[-78.272731499999963,44.4447113],[-78.272708699999953,44.44473830000004],[-78.272678199999973,44.4447644],[-78.272655499999985,44.444779800000049],[-78.272632499999986,44.444799],[-78.272617199999956,44.4448183],[-78.272563699999978,44.444871200000023],[-78.272548499999971,44.444898200000011],[-78.27252569999996,44.444913400000019],[-78.272457,44.444985700000018],[-78.2724417,44.445001500000046],[-78.272419,44.445027900000014],[-78.272365499999978,44.445061900000042],[-78.27235,44.445081300000027],[-78.27232719999995,44.4450893],[-78.27229669999997,44.4451158],[-78.2722205,44.44515750000005],[-78.2721977,44.445176700000047],[-78.272106,44.445272],[-78.2720372,44.445344500000033],[-78.272014499999955,44.44535970000004],[-78.271983699999964,44.445386500000041],[-78.2719687,44.445405400000027],[-78.2719457,44.445420800000022],[-78.2719227,44.4454399],[-78.271892499999979,44.445447400000035],[-78.27186949999998,44.445447700000045],[-78.271831199999951,44.445454900000016],[-78.2717932,44.445454900000016],[-78.271579499999973,44.445458700000017],[-78.271541499999955,44.445459]]],[[[-78.253909499999963,44.552633300000025],[-78.253886499999965,44.552625400000011],[-78.2538485,44.552614300000016],[-78.2538255,44.552595200000042],[-78.253794699999958,44.552587800000026],[-78.253772,44.5525687],[-78.253749,44.5525495],[-78.253711,44.552511200000026],[-78.253703499999972,44.552484500000048],[-78.253726,44.552469200000019],[-78.2537567,44.55245050000002],[-78.2537797,44.552435300000013],[-78.253795,44.552416],[-78.253817699999956,44.552396700000031],[-78.253886499999965,44.552354900000012],[-78.253909199999953,44.552335800000037],[-78.253939699999989,44.5523015],[-78.253962699999988,44.5522479],[-78.253962699999988,44.552221],[-78.253978,44.5521948],[-78.253993499999979,44.552160400000048],[-78.2540315,44.5521334],[-78.2540467,44.552114500000016],[-78.254069499999957,44.552099200000043],[-78.254100199999982,44.552087800000038],[-78.254123,44.5520917],[-78.2541612,44.5520917],[-78.25419919999996,44.552083700000026],[-78.254222199999958,44.552084200000024],[-78.2542527,44.552083900000014],[-78.254290699999956,44.552083900000014],[-78.254329,44.552057],[-78.254352,44.55204950000001],[-78.2543672,44.552034400000025],[-78.25439,44.552034400000025],[-78.25442819999995,44.5520267],[-78.2545045,44.552000300000032],[-78.2545197,44.551981300000023],[-78.254535,44.5519655],[-78.254542499999957,44.551939],[-78.254558,44.55191990000003],[-78.2545882,44.551904500000035],[-78.254595699999982,44.551885700000014],[-78.254649499999971,44.551813200000026],[-78.254695199999958,44.5517714],[-78.254718,44.551752300000032],[-78.254741199999955,44.551737],[-78.2547715,44.551710300000025],[-78.2547945,44.551702800000044],[-78.254825,44.551676],[-78.254832499999964,44.551656700000024],[-78.254863,44.5516417],[-78.254901,44.55163],[-78.2549545,44.5516222],[-78.254985199999965,44.5516265],[-78.2550157,44.551626200000044],[-78.255061499999954,44.5516265],[-78.255092,44.551637500000027],[-78.255114699999979,44.551656400000013],[-78.2551527,44.551672200000041],[-78.255160499999988,44.55169120000005],[-78.255183499999987,44.551710300000025],[-78.2551987,44.551755900000046],[-78.255206499999986,44.551802],[-78.2552215,44.5518204],[-78.2552445,44.551828200000045],[-78.2552675,44.551847400000042],[-78.255305499999963,44.551847400000042],[-78.255343699999969,44.5518515],[-78.255381699999987,44.551858800000048],[-78.255404699999985,44.551870400000041],[-78.255427699999984,44.551878200000033],[-78.2554657,44.551896900000031],[-78.2554887,44.551916],[-78.255511499999955,44.5519428],[-78.255527,44.551961900000038],[-78.25554969999996,44.551981300000023],[-78.255572499999971,44.551989],[-78.2556487,44.552000300000032],[-78.255679499999985,44.552],[-78.25571,44.5520042],[-78.255748,44.5520042],[-78.255786199999989,44.551996300000042],[-78.255816699999968,44.551988700000038],[-78.255839699999967,44.551969400000019],[-78.2558702,44.551950800000043],[-78.255893,44.5519352],[-78.255916,44.551916],[-78.2559617,44.551889500000016],[-78.256,44.551855200000034],[-78.25602269999996,44.551828700000044],[-78.2560532,44.551813200000026],[-78.256060699999978,44.551786500000048],[-78.2560992,44.5517595],[-78.256114199999956,44.551740700000039],[-78.2561447,44.551725500000032],[-78.256152199999974,44.551706200000012],[-78.256183,44.5516988],[-78.256206,44.551679500000034],[-78.256236199999989,44.551671900000031],[-78.256259199999988,44.55166440000005],[-78.2562972,44.551656700000024],[-78.256335499999977,44.551649200000043],[-78.2563735,44.551649200000043],[-78.256457499999954,44.551633900000013],[-78.256495699999959,44.551626200000044],[-78.256534,44.551618800000028],[-78.256564499999968,44.551618800000028],[-78.256785699999966,44.5516149],[-78.256824,44.5516149],[-78.256862,44.551607200000035],[-78.2568925,44.5515997],[-78.2569385,44.551599400000043],[-78.25699149999997,44.551591700000017],[-78.257029699999975,44.551591700000017],[-78.257068,44.55159580000003],[-78.257106199999953,44.5515848],[-78.257129199999952,44.551588500000037],[-78.2571595,44.5515767],[-78.2571825,44.551561500000048],[-78.2572055,44.551534900000036],[-78.257258699999966,44.5515082],[-78.2572892,44.5515004],[-78.257319699999982,44.551500200000021],[-78.257358,44.55152720000001],[-78.2573807,44.551546300000041],[-78.257411199999979,44.551557700000046],[-78.257434199999977,44.5515767],[-78.257457,44.551596],[-78.257479699999976,44.55159580000003],[-78.2575182,44.55159580000003],[-78.257571499999983,44.551633800000047],[-78.257594499999982,44.5516528],[-78.257632699999988,44.551671900000031],[-78.2576707,44.551679700000022],[-78.257731699999965,44.55169120000005],[-78.257754699999964,44.551698900000019],[-78.257808,44.551702300000045],[-78.2578385,44.551710500000013],[-78.257869199999959,44.551721400000019],[-78.2578767,44.551748300000042],[-78.257892,44.551775300000031],[-78.257899499999951,44.55179430000004],[-78.2578997,44.5518207],[-78.257884499999989,44.551866800000028],[-78.257869199999959,44.551881800000046],[-78.25784619999996,44.551908300000036],[-78.2578307,44.55192790000001],[-78.257777499999975,44.551981300000023],[-78.257754699999964,44.5519964],[-78.2577392,44.552015500000039],[-78.257724199999984,44.552034400000025],[-78.257701199999985,44.5520497],[-78.257686,44.5520687],[-78.2576707,44.552095800000018],[-78.257648,44.55213],[-78.25761719999997,44.552156700000012],[-78.25761719999997,44.5522479],[-78.25761719999997,44.552274900000043],[-78.257602,44.552309300000047],[-78.257571499999983,44.5523248],[-78.257548499999984,44.552336],[-78.257525699999974,44.5523435],[-78.2574952,44.552359],[-78.2574722,44.552377500000034],[-78.25744949999995,44.552377800000045],[-78.257411199999979,44.552385500000014],[-78.257335,44.5523933],[-78.257258699999966,44.552408500000013],[-78.257205199999987,44.552416200000039],[-78.2571825,44.552416200000039],[-78.257152,44.552416],[-78.257129,44.5524234],[-78.2570907,44.552423300000044],[-78.257068,44.5524234],[-78.257029699999975,44.552420200000029],[-78.25699149999997,44.552419900000018],[-78.256953499999952,44.552419900000018],[-78.2569155,44.552419900000018],[-78.2568925,44.552427300000033],[-78.256862,44.552435],[-78.256823699999984,44.552435],[-78.256801,44.5524428],[-78.256762699999967,44.5524428],[-78.25674,44.5524312],[-78.256701699999951,44.552431],[-78.256679,44.552423800000042],[-78.256648199999972,44.552412200000049],[-78.256610199999955,44.552412200000049],[-78.256587199999956,44.5523933],[-78.2565492,44.552381500000024],[-78.2565262,44.5523743],[-78.256488199999978,44.552354900000012],[-78.25646519999998,44.552343300000018],[-78.256366,44.552259400000025],[-78.2563432,44.552232900000035],[-78.256320499999958,44.55221350000005],[-78.25629749999996,44.5522062],[-78.256274499999961,44.552179300000034],[-78.256244,44.552160400000048],[-78.256221,44.552148700000032],[-78.256198499999982,44.55214890000002],[-78.2561677,44.552175800000043],[-78.2561447,44.552195],[-78.256106699999975,44.55221720000003],[-78.256,44.552271],[-78.255977,44.552286300000048],[-78.2559235,44.552313200000015],[-78.255885199999966,44.552332200000023],[-78.255862499999978,44.5523397],[-78.255801499999961,44.552346900000032],[-78.255771,44.552354700000024],[-78.25571,44.55237],[-78.2556717,44.552388900000039],[-78.255633499999988,44.552396700000031],[-78.25559549999997,44.552404700000011],[-78.255542,44.552412200000049],[-78.2554965,44.552411900000038],[-78.255458199999964,44.5524198],[-78.25542,44.552435],[-78.255381699999987,44.55244620000002],[-78.255336,44.552461400000027],[-78.255275199999971,44.552476800000022],[-78.255252,44.5524848],[-78.2552217,44.552503700000045],[-78.2551987,44.552510900000016],[-78.255160699999976,44.5525189],[-78.25512249999997,44.5525379],[-78.2550842,44.5525379],[-78.255046199999981,44.5525457],[-78.254832499999964,44.5525495],[-78.254809699999953,44.55254930000001],[-78.254779,44.552545400000042],[-78.254756199999974,44.552545400000042],[-78.254703,44.552553200000034],[-78.25468,44.552560700000015],[-78.254657,44.552571900000032],[-78.25461869999998,44.55258],[-78.254588499999954,44.552587800000026],[-78.254565499999956,44.55258740000005],[-78.254542499999957,44.552594900000031],[-78.254512,44.552595200000042],[-78.254489,44.5525955],[-78.254451,44.552602700000023],[-78.25442819999995,44.552602700000023],[-78.25439769999997,44.552602400000012],[-78.254374699999971,44.552610400000049],[-78.254351699999972,44.552610400000049],[-78.254313699999955,44.552617700000042],[-78.2542757,44.552625700000021],[-78.254237499999988,44.552625700000021],[-78.254214499999989,44.552622],[-78.254176499999971,44.552633500000013],[-78.254123,44.552629500000023],[-78.254061699999966,44.552636800000016],[-78.2540085,44.552637300000015],[-78.25397049999998,44.55264470000003],[-78.253932199999952,44.552644500000042],[-78.253909499999963,44.552633300000025]]],[[[-78.241206,44.482332],[-78.241267199999982,44.482263500000045],[-78.2413052,44.4822249],[-78.241335699999979,44.4821829],[-78.241374,44.482148900000027],[-78.241427199999976,44.482114],[-78.2414655,44.482075900000041],[-78.241503699999953,44.482041400000014],[-78.241595199999949,44.48197330000005],[-78.2416485,44.481919900000037],[-78.2416867,44.481893],[-78.241725,44.481866800000034],[-78.2417552,44.481859],[-78.2417782,44.481843500000025],[-78.241809,44.4818242],[-78.241831499999989,44.481816800000047],[-78.24187,44.481809],[-78.241923199999974,44.48179],[-78.241946199999973,44.481782800000019],[-78.241999499999963,44.481775],[-78.242022499999962,44.481774700000017],[-78.24206049999998,44.481767],[-78.242106499999977,44.48175950000001],[-78.2421597,44.48175980000002],[-78.2421827,44.481763400000034],[-78.242213,44.481763200000046],[-78.242236,44.481762900000035],[-78.242259,44.481770900000015],[-78.2422742,44.481790200000034],[-78.242282,44.481817],[-78.242281699999978,44.481854700000042],[-78.2422972,44.481874],[-78.242327699999976,44.481908500000031],[-78.2423427,44.4819349],[-78.2424115,44.482018400000015],[-78.2424345,44.4820383],[-78.2424572,44.4820573],[-78.2425872,44.482114300000035],[-78.242648,44.4821334],[-78.242694,44.482160300000032],[-78.2427472,44.482190700000046],[-78.242793,44.482217],[-78.2428387,44.482244],[-78.242892199999972,44.4822633],[-78.242938,44.482267],[-78.242976199999987,44.482267],[-78.2430142,44.48225930000001],[-78.243052199999966,44.482270500000027],[-78.243075199999964,44.4822863],[-78.2430905,44.482343],[-78.2430827,44.482385],[-78.243075199999964,44.482404200000019],[-78.243075199999964,44.4824307],[-78.243067699999983,44.482469200000025],[-78.243067699999983,44.48253],[-78.243067699999983,44.4825758],[-78.24306,44.482610200000011],[-78.24306,44.482655800000032],[-78.243044699999984,44.482690500000047],[-78.243022,44.482762500000035],[-78.243006699999967,44.482797300000016],[-78.242976,44.4828698],[-78.242976,44.482908],[-78.242945499999962,44.482942],[-78.242930199999989,44.482976300000018],[-78.2429075,44.483010800000045],[-78.242877,44.483048900000028],[-78.242854199999954,44.4830758],[-78.242816,44.48311],[-78.242777699999976,44.483136200000047],[-78.242732,44.483163400000024],[-78.24268619999998,44.483186200000034],[-78.2426327,44.483212900000012],[-78.242419199999972,44.4832705],[-78.2423657,44.483289300000024],[-78.242190199999982,44.48331950000005],[-78.24206049999998,44.483334900000045],[-78.241999499999963,44.4833504],[-78.241946,44.483357900000044],[-78.2418927,44.483384200000046],[-78.241854499999988,44.4834113],[-78.241831699999977,44.483437800000047],[-78.2418012,44.4834644],[-78.2417782,44.483498900000029],[-78.241747699999962,44.4835258],[-78.241709499999956,44.48356],[-78.2416867,44.483560300000022],[-78.241648699999985,44.483548700000028],[-78.241610499999979,44.483529500000031],[-78.241587699999968,44.483510500000023],[-78.241564699999969,44.483491400000048],[-78.241549499999962,44.4834644],[-78.241526699999952,44.483438],[-78.241518699999972,44.483419200000014],[-78.241503499999965,44.483391900000015],[-78.241496,44.4833653],[-78.241495699999973,44.483338800000013],[-78.241496,44.483293200000048],[-78.2414655,44.4831939],[-78.2414425,44.4831557],[-78.2414197,44.483121500000038],[-78.241404199999977,44.483094200000039],[-78.241366199999959,44.483063900000047],[-78.241297499999973,44.483026],[-78.241259499999956,44.483006700000033],[-78.2412367,44.482991700000014],[-78.241213499999958,44.4829613],[-78.2411907,44.482926500000019],[-78.2411907,44.482888700000046],[-78.241206,44.482819800000016],[-78.2412215,44.482781700000032],[-78.241236499999957,44.482709200000045],[-78.241236499999957,44.482667400000025],[-78.241229,44.482629],[-78.241206,44.482602700000029],[-78.241183199999966,44.482564500000024],[-78.2411525,44.482537800000046],[-78.241129699999988,44.482503400000041],[-78.24113,44.4824729],[-78.241137199999969,44.482438400000035],[-78.241160499999978,44.482404200000019],[-78.2411755,44.482366],[-78.241206,44.482332]]],[[[-78.383299199999954,44.46047580000004],[-78.3833555,44.460469],[-78.383380199999976,44.460476500000027],[-78.383420199999989,44.460502500000018],[-78.3834445,44.460543500000028],[-78.3834635,44.4605874],[-78.383467,44.460642800000016],[-78.38346,44.460705],[-78.383463,44.460775],[-78.383445699999982,44.460855500000036],[-78.383434,44.460914300000013],[-78.383417,44.460972700000013],[-78.383415,44.46105],[-78.383398199999988,44.4611084],[-78.3834005,44.46120030000003],[-78.3834142,44.461251900000036],[-78.383412499999963,44.461318200000051],[-78.3833957,44.461373],[-78.383419,44.4614429],[-78.383406699999966,44.461523700000043],[-78.383390199999951,44.461567400000035],[-78.383398699999987,44.461622700000021],[-78.383381199999974,44.461710800000048],[-78.383365199999957,44.46174],[-78.383302499999957,44.4618127],[-78.383270699999969,44.4618527],[-78.3832395,44.461885400000028],[-78.383187199999952,44.4619437],[-78.383176699999979,44.46196580000003],[-78.3831697,44.46202790000001],[-78.383133199999975,44.4620645],[-78.383057,44.46207830000003],[-78.382995699999981,44.4620888],[-78.382934199999966,44.462121300000035],[-78.3828825,44.46215380000001],[-78.382826199999954,44.462182400000017],[-78.382769199999984,44.46222240000003],[-78.382717499999956,44.46226230000002],[-78.3826765,44.4622799],[-78.382620499999973,44.4622943],[-78.382503199999974,44.462296700000024],[-78.3824085,44.462266200000045],[-78.3823842,44.4622329],[-78.382376199999953,44.462159400000019],[-78.382372499999974,44.462104300000021],[-78.382374699999957,44.462031],[-78.382382,44.461950300000012],[-78.382379,44.461880300000018],[-78.3823865,44.461792300000013],[-78.382393499999978,44.461722400000042],[-78.382411199999979,44.4616307],[-78.382439499999975,44.461521],[-78.382483,44.461418400000014],[-78.3824952,44.461345200000039],[-78.382554199999959,44.46122820000005],[-78.382602199999951,44.46114080000001],[-78.38264,44.461056400000018],[-78.382723699999985,44.46095820000005],[-78.3827925,44.460856],[-78.38284,44.460794300000032],[-78.382908199999974,44.4607029],[-78.3829455,44.4606372],[-78.383008,44.4605717],[-78.3830805,44.460517500000037],[-78.383146499999953,44.4605072],[-78.383223,44.4604933],[-78.383299199999954,44.46047580000004]]],[[[-78.3806227,44.486205400000017],[-78.380584699999986,44.4862018],[-78.38054649999998,44.4862018],[-78.380523699999969,44.486194400000045],[-78.38050069999997,44.486182700000029],[-78.380478,44.486175],[-78.380439699999954,44.48616370000002],[-78.3804017,44.4861525],[-78.380363499999987,44.486144500000023],[-78.380348199999958,44.486125500000014],[-78.380356,44.486098700000014],[-78.380394,44.485992300000021],[-78.380394,44.48596520000001],[-78.3804245,44.485938500000032],[-78.38044,44.4859123],[-78.3804472,44.485892800000045],[-78.380478,44.4858509],[-78.380516,44.485812400000043],[-78.380531499999961,44.4857978],[-78.380546699999968,44.485751400000026],[-78.380562,44.485706],[-78.380584699999986,44.485679400000038],[-78.3806075,44.4856643],[-78.380638199999964,44.485644700000023],[-78.380661,44.485637200000042],[-78.3806765,44.4856183],[-78.380661,44.4856029],[-78.380669,44.485576300000048],[-78.380676199999982,44.485549400000025],[-78.3806917,44.48551150000003],[-78.380706699999962,44.485484500000041],[-78.380722,44.485469500000022],[-78.380745,44.485450300000025],[-78.3807602,44.485424],[-78.3807832,44.485404800000026],[-78.380813699999976,44.485388900000032],[-78.380836499999987,44.4853625],[-78.3808517,44.4853435],[-78.380867,44.485316400000045],[-78.380867,44.4852902],[-78.380867,44.4852558],[-78.380882199999974,44.485229],[-78.3808975,44.485209900000029],[-78.380936,44.485202400000048],[-78.380958499999963,44.485202400000048],[-78.380996699999969,44.4852138],[-78.381019499999979,44.485221500000023],[-78.381042499999978,44.485233200000039],[-78.381080699999984,44.4852404],[-78.3811035,44.485252300000013],[-78.381134,44.485244500000022],[-78.381149199999982,44.485225400000047],[-78.38117219999998,44.48521020000004],[-78.381187499999953,44.4851643],[-78.38117219999998,44.485145],[-78.381179699999961,44.485118200000045],[-78.381187499999953,44.48509150000001],[-78.38120269999996,44.485072400000035],[-78.381218,44.4850384],[-78.381233499999951,44.4850194],[-78.381271199999958,44.484950800000036],[-78.381294499999967,44.484924300000046],[-78.381309499999986,44.484897200000034],[-78.381317199999955,44.484817],[-78.381317,44.4847868],[-78.381332499999985,44.4847598],[-78.381332499999985,44.4847335],[-78.3813477,44.484717700000033],[-78.3813705,44.484691200000043],[-78.381386,44.4846645],[-78.381408699999952,44.48463780000003],[-78.381424,44.4846187],[-78.381454499999961,44.4845919],[-78.381492699999967,44.484557500000051],[-78.381515499999978,44.484557500000051],[-78.381538499999976,44.484557900000027],[-78.381569,44.4845502],[-78.381607,44.484561400000018],[-78.381652699999961,44.484588300000041],[-78.38167569999996,44.48460730000005],[-78.38169849999997,44.484619],[-78.3817292,44.484633700000018],[-78.3817522,44.484664800000019],[-78.381775,44.484698900000012],[-78.381775,44.4847373],[-78.381767199999956,44.48479020000002],[-78.381767499999967,44.484836500000029],[-78.3817522,44.4848627],[-78.381737,44.484896900000024],[-78.3817292,44.484916200000043],[-78.381721499999969,44.484943],[-78.381721699999957,44.484969400000011],[-78.3817062,44.484996200000012],[-78.38170649999995,44.485030700000038],[-78.3817062,44.485068900000044],[-78.3817062,44.485095200000046],[-78.3817062,44.485137400000042],[-78.381713699999978,44.485168200000032],[-78.381721499999969,44.485282200000029],[-78.381721499999969,44.485328500000037],[-78.38170649999995,44.485362800000019],[-78.3817062,44.4854082],[-78.3817062,44.4854353],[-78.38169849999997,44.485454],[-78.38169849999997,44.48548820000002],[-78.381698699999959,44.485519300000021],[-78.3816832,44.485534500000028],[-78.381668199999979,44.4855612],[-78.381660499999953,44.4855799],[-78.38164519999998,44.485626],[-78.3816147,44.4856413],[-78.381607199999962,44.485660400000029],[-78.3815917,44.485686700000031],[-78.3815765,44.485702400000037],[-78.3815535,44.485740300000032],[-78.3815232,44.485755800000049],[-78.381507699999986,44.4857748],[-78.381500499999959,44.485793400000034],[-78.381485,44.485820500000045],[-78.381469699999968,44.4858355],[-78.3814165,44.485896800000035],[-78.3813935,44.4859232],[-78.381363,44.485942300000033],[-78.381263699999977,44.486030200000016],[-78.381233499999951,44.4860458],[-78.381210499999952,44.486064400000032],[-78.3811725,44.486091400000021],[-78.3811417,44.486099],[-78.381096,44.486125800000025],[-78.381057699999985,44.4861409],[-78.3810272,44.486148500000013],[-78.38100419999995,44.48616],[-78.380966199999989,44.486175300000014],[-78.380928199999971,44.486194300000022],[-78.3808975,44.486202],[-78.380859499999985,44.486209500000029],[-78.380821499999968,44.486217300000021],[-78.380798199999958,44.486217300000021],[-78.38077549999997,44.4862248],[-78.38072219999998,44.486217300000021],[-78.380676199999982,44.4862137],[-78.3806227,44.486205400000017]]],[[[-78.248370199999954,44.5517787],[-78.248332,44.55177070000002],[-78.248309,44.5517709],[-78.2482862,44.551751800000034],[-78.248233,44.551721200000031],[-78.24820219999998,44.551705700000014],[-78.248172,44.551687],[-78.2481492,44.551667900000041],[-78.248110699999984,44.551648700000044],[-78.248088,44.551637800000037],[-78.248049699999967,44.5516184],[-78.248049699999967,44.551439],[-78.24805,44.551412500000026],[-78.248042,44.551366800000039],[-78.24801169999995,44.551332],[-78.248004,44.551313200000038],[-78.247965699999952,44.551274800000044],[-78.247943,44.551248500000042],[-78.247935499999983,44.551228900000012],[-78.247912499999984,44.551129900000035],[-78.247912199999973,44.551095700000019],[-78.247905,44.551030700000013],[-78.24792,44.551011800000026],[-78.247943,44.551004300000045],[-78.24798119999997,44.551004500000033],[-78.248004,44.551008300000035],[-78.248042199999986,44.55101540000004],[-78.248103,44.551027300000044],[-78.248141199999964,44.551027300000044],[-78.248164199999962,44.551038400000039],[-78.24820219999998,44.551030700000013],[-78.248217499999953,44.551011800000026],[-78.248233,44.550992800000017],[-78.248248199999978,44.5509657],[-78.248271,44.550939300000039],[-78.248301699999956,44.550931700000035],[-78.248324499999967,44.550931400000024],[-78.248362499999985,44.5509242],[-78.248385699999972,44.5509242],[-78.248423699999989,44.55092830000001],[-78.2484465,44.550928],[-78.248538199999984,44.550927800000011],[-78.248599,44.55092030000003],[-78.248637199999962,44.5509242],[-78.2486907,44.550931700000035],[-78.2487362,44.550935700000025],[-78.248766699999976,44.550943300000029],[-78.248797699999955,44.5509434],[-78.248835499999984,44.550935500000037],[-78.248874,44.550927800000011],[-78.24890419999997,44.55092030000003],[-78.2489425,44.550912800000049],[-78.248965199999986,44.550904800000012],[-78.248996,44.550893300000041],[-78.249018499999977,44.550897300000031],[-78.249057,44.550905300000011],[-78.249079699999982,44.5509242],[-78.249087199999963,44.5509429],[-78.24910269999998,44.550962300000037],[-78.249110499999972,44.5509965],[-78.249125699999979,44.55102340000002],[-78.2491485,44.551053800000034],[-78.2491637,44.5510693],[-78.249171199999978,44.551087900000027],[-78.249194199999977,44.551107300000012],[-78.249224699999957,44.551114700000028],[-78.249247499999967,44.5511265],[-78.249270499999966,44.551137400000016],[-78.249308699999972,44.5511454],[-78.249347,44.551164700000015],[-78.249369699999988,44.551176],[-78.249385,44.551191300000028],[-78.249408,44.551210300000037],[-78.249400199999968,44.5512559],[-78.249377199999969,44.55130170000001],[-78.249362,44.551317300000051],[-78.249339,44.551335900000026],[-78.249308499999984,44.5513434],[-78.249285699999973,44.551351400000044],[-78.249263,44.551358900000025],[-78.249224699999957,44.551370800000029],[-78.249194199999977,44.551366500000029],[-78.249171499999989,44.551385700000026],[-78.249179,44.5514048],[-78.249194,44.551424],[-78.249217,44.551439],[-78.2492325,44.551458200000013],[-78.2492555,44.551477200000022],[-78.249263,44.551504300000033],[-78.249263,44.55154970000001],[-78.249263,44.5515767],[-78.249263,44.551603300000011],[-78.249263,44.5516303],[-78.249247499999967,44.551649200000043],[-78.249217199999975,44.5516642],[-78.249194199999977,44.551683300000036],[-78.249171199999978,44.5516907],[-78.249095,44.551706200000012],[-78.249064499999974,44.5517173],[-78.249041499999976,44.551725500000032],[-78.249003499999958,44.551732800000025],[-78.2489807,44.551732800000025],[-78.2489425,44.551740500000051],[-78.248851,44.551748300000042],[-78.248812699999974,44.5517443],[-78.248774499999968,44.5517443],[-78.248751499999969,44.5517443],[-78.248729,44.551751800000034],[-78.2486907,44.551751800000034],[-78.2486525,44.551752300000032],[-78.248622,44.551759800000013],[-78.248583699999983,44.551767],[-78.248538,44.551774500000022],[-78.248499699999968,44.551782300000013],[-78.248469199999988,44.55179],[-78.24843119999997,44.55179],[-78.248393,44.55179],[-78.248370199999954,44.5517787]]],[[[-78.383957,44.486182700000029],[-78.3839342,44.486178900000027],[-78.3839112,44.486178900000027],[-78.383873199999982,44.4861717],[-78.383834699999966,44.4861712],[-78.383804199999986,44.4861603],[-78.3837815,44.486148500000013],[-78.383735699999988,44.4861409],[-78.383705199999952,44.486140800000044],[-78.383659699999953,44.486129700000049],[-78.383636499999966,44.4861219],[-78.383606199999974,44.4861105],[-78.383567699999958,44.4861105],[-78.383545,44.486098700000014],[-78.3834382,44.48607990000005],[-78.383400199999983,44.4860688],[-78.383369499999958,44.486068500000044],[-78.3833315,44.4860605],[-78.383301,44.486049200000025],[-78.383262699999989,44.4860299],[-78.383232199999952,44.486030200000016],[-78.383201699999972,44.486011],[-78.3831712,44.485992300000021],[-78.3831482,44.485973200000046],[-78.3831252,44.4859543],[-78.383110199999976,44.485939],[-78.38310249999995,44.48590820000004],[-78.38310249999995,44.485881800000016],[-78.3831027,44.4858395],[-78.383110199999976,44.485820700000033],[-78.383110199999976,44.485793700000045],[-78.383110199999976,44.4857672],[-78.3831255,44.485748300000012],[-78.383133,44.485721],[-78.383163499999966,44.485686900000019],[-78.383163499999966,44.485660400000029],[-78.383163499999966,44.4856335],[-78.383178699999974,44.485606500000017],[-78.383194,44.485580300000038],[-78.383209199999953,44.4855612],[-78.383217,44.485534500000028],[-78.383232199999952,44.485507700000028],[-78.38324769999997,44.485488700000019],[-78.383262699999989,44.485473500000012],[-78.383301,44.48542],[-78.383316199999967,44.4854009],[-78.383339,44.485366400000032],[-78.383354199999985,44.485347400000023],[-78.383377199999984,44.485332200000016],[-78.383392499999957,44.48531330000003],[-78.383415499999956,44.485313],[-78.383446,44.48531330000003],[-78.383484,44.4853167],[-78.383507,44.485324400000025],[-78.3835297,44.485324200000036],[-78.3835527,44.485336],[-78.383590699999957,44.485355300000037],[-78.383613699999955,44.485363],[-78.3836672,44.485400800000036],[-78.38369,44.4854085],[-78.3837127,44.485427500000014],[-78.383743199999969,44.48543890000002],[-78.383773699999949,44.4854464],[-78.383812199999966,44.48545770000004],[-78.3838427,44.485458],[-78.383865499999956,44.485458],[-78.383903699999962,44.485469800000033],[-78.383926499999973,44.485477],[-78.383949199999961,44.485480700000039],[-78.383987499999989,44.485496400000045],[-78.3840257,44.4855268],[-78.384163,44.485599300000047],[-78.384186,44.4856105],[-78.384224,44.48562940000005],[-78.384247,44.48563740000003],[-78.38427,44.485649],[-78.3842927,44.485668],[-78.384323199999983,44.485686700000031],[-78.384353699999963,44.485721500000011],[-78.384369,44.485740800000031],[-78.384392,44.485751700000037],[-78.3844072,44.485766900000044],[-78.3844302,44.4857862],[-78.384453,44.485813],[-78.3844757,44.485832],[-78.384499,44.4858623],[-78.384514,44.485889500000042],[-78.3845217,44.485908400000028],[-78.384537,44.485923400000047],[-78.384559699999954,44.48593470000003],[-78.384582699999953,44.4859424],[-78.3846132,44.485954],[-78.38464369999997,44.4859543],[-78.384674199999949,44.4859538],[-78.384712499999978,44.4859538],[-78.384735199999966,44.485957700000029],[-78.384758,44.4859654],[-78.384773199999984,44.485984700000017],[-78.3847735,44.486011],[-78.384758,44.486030200000016],[-78.384743,44.4860458],[-78.38472,44.486064400000032],[-78.384689499999979,44.48607990000005],[-78.384682,44.486099],[-78.38466649999998,44.486117800000045],[-78.384636199999989,44.48613320000004],[-78.384597699999972,44.486140800000044],[-78.384559699999954,44.486148500000013],[-78.384537,44.4861487],[-78.3844987,44.486155900000028],[-78.3844532,44.4861639],[-78.38442219999996,44.4861639],[-78.384399499999972,44.4861639],[-78.384186,44.486179200000038],[-78.384163,44.4861755],[-78.38398,44.486182500000041],[-78.383957,44.486182700000029]]],[[[-78.245211499999982,44.551309300000014],[-78.2451812,44.551305800000023],[-78.245143,44.551305800000023],[-78.24512,44.551297700000021],[-78.24512,44.551259500000015],[-78.2451352,44.5511909],[-78.245150499999966,44.551171900000043],[-78.245165699999973,44.551153],[-78.245181,44.551137400000016],[-78.245204,44.55111880000004],[-78.245219199999951,44.5510997],[-78.245219199999951,44.55107270000002],[-78.245219,44.551038400000039],[-78.245219199999951,44.551012],[-78.245226699999989,44.550985200000014],[-78.245234499999981,44.5509659],[-78.245249699999988,44.550951],[-78.245265,44.550931900000023],[-78.24528,44.55091230000005],[-78.245303,44.550897],[-78.245326,44.550885700000038],[-78.2453567,44.550878300000022],[-78.245402,44.550870800000041],[-78.245440199999962,44.550870800000041],[-78.245494,44.55087420000001],[-78.2455167,44.550866900000017],[-78.245547199999976,44.550866900000017],[-78.2455855,44.550866400000018],[-78.245616,44.550866700000029],[-78.245669199999952,44.55084],[-78.245699699999989,44.550832300000025],[-78.245738,44.5508249],[-78.245776,44.55082520000002],[-78.245814199999984,44.55081720000004],[-78.245837199999983,44.550809900000047],[-78.245860199999981,44.55080190000001],[-78.245898,44.550793900000031],[-78.245928699999979,44.5507943],[-78.245951699999978,44.550787],[-78.245974499999988,44.5508213],[-78.245997499999987,44.550821],[-78.246028,44.550832500000013],[-78.246112,44.550916200000017],[-78.246142199999952,44.550935700000025],[-78.246279499999957,44.550947],[-78.246294699999964,44.5509662],[-78.246310199999982,44.550985],[-78.246333199999981,44.551000500000043],[-78.24635619999998,44.551011800000026],[-78.2463942,44.551011800000026],[-78.246417,44.55102340000002],[-78.246455199999957,44.551022900000021],[-78.246478199999956,44.551030700000013],[-78.246546699999953,44.5510423],[-78.246569499999964,44.551061300000015],[-78.2465772,44.551088200000038],[-78.246592499999963,44.551107400000035],[-78.2466,44.5511338],[-78.246623,44.551152800000011],[-78.246653499999979,44.551179400000024],[-78.246661,44.551198700000043],[-78.246676199999968,44.551225500000044],[-78.246684,44.55124440000003],[-78.2466842,44.5512713],[-78.246653499999979,44.551298300000042],[-78.246630699999969,44.5513168],[-78.24660769999997,44.551324800000032],[-78.246577,44.551351400000044],[-78.246432199999958,44.551282500000013],[-78.24640949999997,44.551282500000013],[-78.246379,44.5512903],[-78.24635619999998,44.551298300000042],[-78.246325499999955,44.551317],[-78.246318,44.551351400000044],[-78.246302499999956,44.5513704],[-78.246272199999964,44.551389500000028],[-78.246234,44.5514238],[-78.246211,44.551431800000046],[-78.246180699999968,44.5514468],[-78.246157699999969,44.551465800000017],[-78.246142199999952,44.55151120000005],[-78.246005,44.551553500000011],[-78.245852499999955,44.5515914],[-78.245822,44.551583900000026],[-78.2457915,44.551565200000027],[-78.245761,44.551564700000029],[-78.245722699999988,44.551553500000011],[-78.245692,44.551546],[-78.245654,44.551534300000014],[-78.245616,44.551522800000043],[-78.2455852,44.55151520000004],[-78.245554699999957,44.551496500000042],[-78.245524499999988,44.551477],[-78.245501499999989,44.5514693],[-78.245463199999961,44.5514579],[-78.245440199999962,44.551450200000033],[-78.2454022,44.551439],[-78.245379499999956,44.551427700000033],[-78.245356499999957,44.551419900000042],[-78.245333499999958,44.551400900000033],[-78.245295699999986,44.551389800000038],[-78.245280199999968,44.551362500000039],[-78.245272699999987,44.5513434],[-78.24525,44.551317300000051],[-78.245211499999982,44.551309300000014]]],[[[-78.409104,44.452497900000026],[-78.409081,44.452497400000027],[-78.4090506,44.4524978],[-78.409043,44.4524783],[-78.409027699999967,44.45245170000004],[-78.409027699999967,44.4524326],[-78.409134599999959,44.452345],[-78.409149799999966,44.4523299],[-78.4091727,44.452318600000012],[-78.409203199999979,44.452303],[-78.409203199999979,44.4522766],[-78.409218399999986,44.45225750000003],[-78.409218399999986,44.452230500000042],[-78.409226199999978,44.452211700000021],[-78.409241399999985,44.452196100000037],[-78.4092566,44.452177100000029],[-78.4092948,44.452161900000021],[-78.409317599999952,44.4521426],[-78.409332799999959,44.45212360000005],[-78.409348199999954,44.4521085],[-78.409363399999961,44.4520895],[-78.4093863,44.452082],[-78.40940919999997,44.452062800000022],[-78.40943969999995,44.452047200000038],[-78.409462599999983,44.4520286],[-78.409477699999968,44.4520129],[-78.409493099999963,44.451993900000048],[-78.40950829999997,44.451967500000023],[-78.4095084,44.451959700000032],[-78.409515899999974,44.451933],[-78.4095466,44.45191410000001],[-78.4095542,44.4519065],[-78.409584699999982,44.451887100000022],[-78.409599899999989,44.4518607],[-78.4096227,44.451845400000025],[-78.409645799999964,44.4518261],[-78.409676099999956,44.4518185],[-78.409691499999951,44.45179950000005],[-78.4097372,44.451784],[-78.409767699999975,44.451765100000046],[-78.4097754,44.45174970000005],[-78.409805899999981,44.4517308],[-78.40982889999998,44.451723300000026],[-78.409844099999987,44.451704300000017],[-78.4098823,44.4516964],[-78.4098975,44.4516774],[-78.409920399999976,44.45167],[-78.409943299999952,44.451662],[-78.409973799999989,44.451643],[-78.4099966,44.451635600000031],[-78.410019499999976,44.4516276],[-78.4100348,44.451620400000024],[-78.410057599999959,44.451601200000027],[-78.410072899999989,44.451593400000036],[-78.410088299999984,44.451574400000027],[-78.4101035,44.451559300000042],[-78.4101035,44.451540100000045],[-78.410103399999969,44.451494600000046],[-78.410118799999964,44.451475500000015],[-78.410195099999953,44.451433300000019],[-78.410217899999964,44.4514259],[-78.410248299999978,44.4514064],[-78.410271299999977,44.451399],[-78.410294199999953,44.4513915],[-78.410324799999955,44.4513839],[-78.410347599999966,44.4513837],[-78.4103705,44.451376300000049],[-78.410401,44.4513647],[-78.410424,44.451357300000041],[-78.410462,44.451349400000026],[-78.410485,44.451349200000038],[-78.410515399999952,44.451341600000035],[-78.41053839999995,44.451322900000036],[-78.410561299999983,44.4513149],[-78.4105917,44.451307200000031],[-78.4106299,44.451292],[-78.410668099999953,44.4512808],[-78.410690899999963,44.451273300000025],[-78.410713899999962,44.451258],[-78.4107444,44.4512312],[-78.410767199999952,44.45120460000004],[-78.410797699999989,44.4511852],[-78.410813099999984,44.451170100000013],[-78.410836,44.4511587],[-78.410874,44.45115080000005],[-78.410897,44.451151300000049],[-78.410919799999988,44.451155100000051],[-78.410973299999966,44.4511625],[-78.41101139999995,44.451173700000027],[-78.4110344,44.4511933],[-78.4110571,44.4512123],[-78.411072499999989,44.451227600000038],[-78.411072399999966,44.451265300000045],[-78.411064799999963,44.451280700000041],[-78.4110571,44.451300100000026],[-78.411041899999987,44.451319100000035],[-78.411019,44.4513344],[-78.410988499999974,44.451353300000051],[-78.4109656,44.451360800000032],[-78.4109504,44.451379800000041],[-78.410927499999957,44.45138780000002],[-78.41091229999995,44.451406800000029],[-78.410896899999955,44.451421900000014],[-78.4108741,44.451441200000033],[-78.4108435,44.45145610000003],[-78.410820699999988,44.451475400000049],[-78.410805499999981,44.4514944],[-78.41078239999996,44.451509700000031],[-78.410767199999952,44.4515288],[-78.410752,44.451543800000024],[-78.4107292,44.451563100000044],[-78.4107138,44.4515821],[-78.410690899999963,44.451597400000026],[-78.410675799999979,44.451624300000049],[-78.410652699999957,44.451643],[-78.410637599999973,44.451669900000013],[-78.410607,44.451696700000014],[-78.4105841,44.451723300000026],[-78.410561299999983,44.4517386],[-78.4105308,44.451757500000042],[-78.410515499999974,44.451772600000027],[-78.4105078,44.451792],[-78.410492499999975,44.451818900000035],[-78.410462,44.451837800000021],[-78.4104544,44.4518453],[-78.410423899999955,44.451860900000042],[-78.410401,44.451879600000041],[-78.410362799999973,44.451894800000048],[-78.41034,44.451914],[-78.4102332,44.451975200000049],[-78.41021029999996,44.451993800000025],[-78.410172099999954,44.4520096],[-78.410141599999974,44.45202850000004],[-78.410126399999967,44.452043600000025],[-78.410088199999961,44.452062800000022],[-78.41005,44.452078],[-78.4100272,44.452097200000026],[-78.409989,44.452112400000033],[-78.409966199999985,44.4521317],[-78.409951,44.452146800000037],[-78.409920399999976,44.452165700000023],[-78.409897399999977,44.45218490000002],[-78.4098593,44.452192300000036],[-78.409821199999953,44.452207500000043],[-78.40978309999997,44.4522154],[-78.409745,44.452234500000031],[-78.409722,44.452241900000047],[-78.409668599999975,44.452268900000036],[-78.409630399999969,44.452284100000043],[-78.409599899999989,44.452303],[-78.409561899999972,44.452310900000043],[-78.40953879999995,44.452329600000041],[-78.409500699999967,44.4523527],[-78.409462499999961,44.452371800000037],[-78.409432,44.4523868],[-78.4094091,44.452406],[-78.409386199999972,44.452413500000034],[-78.409317699999974,44.452440300000035],[-78.409294699999975,44.452448300000015],[-78.409279499999968,44.452455500000042],[-78.409241299999962,44.452474600000016],[-78.4092033,44.452482500000031],[-78.4091803,44.452489900000046],[-78.409142199999962,44.45249],[-78.409104,44.452497900000026]]],[[[-78.242831,44.552060400000016],[-78.242777499999988,44.552049300000022],[-78.2427472,44.55204950000001],[-78.24271669999996,44.552041700000018],[-78.242693699999961,44.552030300000013],[-78.242671,44.5520037],[-78.2425945,44.5519385],[-78.242571699999985,44.55191190000005],[-78.242548699999986,44.551893],[-78.242526,44.551874],[-78.24248769999997,44.551854700000035],[-78.242464699999971,44.551843],[-78.242465,44.55181680000004],[-78.24248,44.551763400000027],[-78.242495199999951,44.551747700000021],[-78.24251049999998,44.551728800000035],[-78.242533499999979,44.551702300000045],[-78.242556499999978,44.551687],[-78.2425867,44.551667900000041],[-78.242602199999965,44.551648900000032],[-78.242625199999964,44.551633800000047],[-78.242648,44.551606700000036],[-78.242701499999953,44.551553300000023],[-78.242716499999972,44.551534300000014],[-78.24271669999996,44.551507900000047],[-78.2427472,44.551481300000034],[-78.24277,44.551453900000013],[-78.242785199999958,44.551439],[-78.242800499999987,44.551419900000042],[-78.2428385,44.551412200000016],[-78.2428617,44.5514048],[-78.2428845,44.5514048],[-78.242922499999963,44.5514048],[-78.242953,44.551416300000028],[-78.242976,44.5514235],[-78.2430142,44.551442400000042],[-78.243037,44.5514427],[-78.243075199999964,44.5514465],[-78.2431135,44.5514465],[-78.243151499999954,44.551438800000028],[-78.243174499999952,44.551439300000027],[-78.243205,44.551419800000019],[-78.243227699999977,44.551412200000016],[-78.243243,44.55139680000002],[-78.243266,44.551385400000015],[-78.243403199999989,44.551400700000045],[-78.24341869999995,44.551416],[-78.243426199999988,44.5514468],[-78.243449,44.5514617],[-78.243479499999978,44.5514733],[-78.243525199999965,44.551492200000041],[-78.243540699999983,44.5515115],[-78.243563699999982,44.5515193],[-78.243601499999954,44.551538],[-78.2436095,44.551557400000036],[-78.2436472,44.551568800000041],[-78.2436702,44.55158780000005],[-78.243685699999958,44.551603],[-78.2436932,44.551648900000032],[-78.243708499999968,44.551686800000027],[-78.243708499999968,44.551812700000028],[-78.243708499999968,44.55184730000002],[-78.243723699999975,44.551866500000017],[-78.243746699999974,44.5518854],[-78.243769499999985,44.551892800000019],[-78.2438077,44.551904500000035],[-78.2438305,44.5519117],[-78.2438307,44.5519428],[-78.2438307,44.55196920000003],[-78.243845699999952,44.551984400000038],[-78.243838199999971,44.552015],[-78.243838,44.5520414],[-78.243815499999982,44.5520568],[-78.2437847,44.552064500000029],[-78.243746499999986,44.552064500000029],[-78.243701,44.5520725],[-78.243678,44.552072],[-78.243647499999952,44.552061300000048],[-78.243624499999953,44.552053200000046],[-78.243601499999954,44.552034200000037],[-78.243563699999982,44.552007300000014],[-78.243525199999965,44.55198850000005],[-78.243502499999977,44.551976700000012],[-78.243479499999978,44.5519769],[-78.243449,44.5519764],[-78.243411,44.55197720000001],[-78.243388,44.551976700000012],[-78.243372699999952,44.551992200000029],[-78.243365,44.552010900000028],[-78.24335,44.5520267],[-78.243342199999972,44.5520909],[-78.243342199999972,44.552137300000027],[-78.243327,44.5521635],[-78.243319499999984,44.55219790000001],[-78.243289,44.552217],[-78.243250699999976,44.552232700000047],[-78.243228,44.552224700000011],[-78.243205,44.552205800000024],[-78.243189699999959,44.5521865],[-78.243166699999961,44.5521675],[-78.243144,44.552148400000021],[-78.2430827,44.552129300000047],[-78.243044699999984,44.552117900000042],[-78.242945499999962,44.5520798],[-78.242922699999951,44.55207230000002],[-78.2428845,44.552060800000049],[-78.242831,44.552060400000016]]],[[[-78.418382,44.4845975],[-78.418351499999972,44.48459],[-78.418176,44.484574400000042],[-78.418138,44.484574400000042],[-78.418084499999964,44.484574900000041],[-78.418031199999973,44.484563],[-78.417947,44.484563300000048],[-78.417832499999975,44.484551400000043],[-78.417786699999965,44.48454780000003],[-78.4177335,44.484540500000037],[-78.417695199999969,44.484528400000045],[-78.417657199999951,44.484528400000045],[-78.417634199999952,44.484517400000016],[-78.417611499999964,44.4845024],[-78.4175732,44.484490500000049],[-78.4175505,44.484471500000041],[-78.4175275,44.4844524],[-78.417512199999976,44.484433300000035],[-78.417489499999988,44.48441820000005],[-78.417474199999958,44.484399],[-78.417474199999958,44.4843725],[-78.417489499999988,44.484334500000045],[-78.41752,44.484292500000038],[-78.417535199999975,44.484273500000029],[-78.417558199999974,44.4842582],[-78.4175732,44.484238900000037],[-78.4175962,44.48422],[-78.417634199999952,44.48420440000001],[-78.417664699999989,44.484185800000034],[-78.417687699999988,44.484170300000017],[-78.417710699999986,44.484150900000031],[-78.4177257,44.484136],[-78.4177487,44.484116800000038],[-78.417779199999984,44.484109200000034],[-78.417817499999956,44.484089900000015],[-78.417855499999973,44.484089900000015],[-78.41790119999996,44.484082400000034],[-78.417939499999989,44.4840749],[-78.4179777,44.4840749],[-78.418016,44.484079],[-78.4180692,44.48407850000001],[-78.418107499999962,44.484090200000026],[-78.41814549999998,44.4840974],[-78.418168499999979,44.484109200000034],[-78.418191199999967,44.4841169],[-78.418214199999966,44.4841283],[-78.418244499999957,44.48414740000004],[-78.418275199999982,44.484166300000027],[-78.418313499999954,44.484174200000041],[-78.418351499999972,44.484185500000024],[-78.418389699999977,44.484193300000015],[-78.418443,44.484196700000041],[-78.418466,44.48419720000004],[-78.4185195,44.48419720000004],[-78.418565199999989,44.484196900000029],[-78.41860319999995,44.484201],[-78.418656699999985,44.4841892],[-78.4186795,44.484193],[-78.418778699999962,44.484185500000024],[-78.418816699999979,44.484185500000024],[-78.4188552,44.484185500000024],[-78.418878,44.48419720000004],[-78.418916199999956,44.48420440000001],[-78.4189925,44.484235500000011],[-78.4190152,44.4842428],[-78.419038199999989,44.484261800000013],[-78.41907649999996,44.484273500000029],[-78.419114499999978,44.484292500000038],[-78.419137499999977,44.484311400000024],[-78.419168,44.484330300000011],[-78.4192137,44.4843763],[-78.41927469999996,44.484437500000013],[-78.419282499999952,44.484468200000038],[-78.419297499999971,44.484483],[-78.4193052,44.4845022],[-78.4193052,44.484528800000021],[-78.419320499999969,44.484548],[-78.419320499999969,44.484574400000042],[-78.41929,44.48459390000005],[-78.419267,44.4845823],[-78.4191755,44.4845823],[-78.419152699999984,44.484582500000045],[-78.418938699999956,44.484586],[-78.418901,44.484582500000045],[-78.418862699999977,44.484582500000045],[-78.4186492,44.4845975],[-78.418557499999963,44.48459390000005],[-78.418412499999988,44.484600900000032],[-78.418382,44.4845975]]],[[[-78.39045,44.4811244],[-78.39041949999995,44.481124300000033],[-78.3903967,44.481124300000033],[-78.3903737,44.481116500000041],[-78.3903355,44.4811052],[-78.390297199999964,44.481086300000015],[-78.390274499999975,44.481078500000024],[-78.3902592,44.481059800000025],[-78.3902362,44.481047900000021],[-78.390221,44.4810215],[-78.3902132,44.481002],[-78.390198199999986,44.480975400000034],[-78.390182699999968,44.480823],[-78.390183,44.480777200000034],[-78.390198,44.480762300000038],[-78.390213499999959,44.480735400000015],[-78.3902362,44.480724],[-78.390251499999977,44.4807083],[-78.390274499999975,44.48068980000005],[-78.3903277,44.480674],[-78.3903507,44.480666500000041],[-78.39038869999996,44.48064],[-78.3904192,44.480632500000013],[-78.3904422,44.480620900000019],[-78.390480199999956,44.480605200000014],[-78.3905337,44.4805862],[-78.3905567,44.480578700000024],[-78.390595,44.480571400000031],[-78.390671199999986,44.480575],[-78.390709499999957,44.4805748],[-78.3907322,44.4805753],[-78.390763,44.480583],[-78.390785699999981,44.480594],[-78.3908085,44.480601800000045],[-78.3908237,44.480620900000019],[-78.3908467,44.480632300000025],[-78.390869499999951,44.480632500000013],[-78.390907699999957,44.480624800000044],[-78.390930699999956,44.4806173],[-78.390961,44.4805978],[-78.3909837,44.4805902],[-78.391037199999971,44.480571200000043],[-78.39106049999998,44.48056390000005],[-78.39109069999995,44.480556200000024],[-78.3911137,44.4805483],[-78.391136499999959,44.480547900000033],[-78.391167,44.4805483],[-78.3912052,44.480541],[-78.3912282,44.480541],[-78.391266199999961,44.480541],[-78.39128919999996,44.480541],[-78.391304199999979,44.48056],[-78.391335,44.480625],[-78.391335,44.480659300000013],[-78.391335,44.480685700000038],[-78.391334699999959,44.480724],[-78.391327199999978,44.480750700000044],[-78.391327499999989,44.4807849],[-78.391327199999978,44.4808233],[-78.391342499999951,44.48084190000003],[-78.391335,44.48086870000003],[-78.391312199999959,44.480903],[-78.391274,44.48093],[-78.391243199999963,44.480937800000049],[-78.391220499999974,44.48094530000003],[-78.391197499999976,44.4809525],[-78.391159499999958,44.4809644],[-78.391129,44.480960300000049],[-78.391106,44.480960300000049],[-78.391067699999951,44.480960300000049],[-78.3910297,44.480960300000049],[-78.391007,44.4809487],[-78.390968699999974,44.480941200000018],[-78.390945699999975,44.480929800000013],[-78.390907499999969,44.48092250000002],[-78.390884699999958,44.4809108],[-78.390862,44.4809108],[-78.3908315,44.480910400000027],[-78.3908085,44.4809108],[-78.3907855,44.480918700000018],[-78.390755,44.480925800000023],[-78.3907322,44.480933700000037],[-78.390709499999957,44.480953],[-78.390678699999967,44.480968],[-78.3906407,44.4810215],[-78.390625199999988,44.48104040000004],[-78.3906025,44.481047900000021],[-78.390587,44.481067],[-78.390564199999972,44.4810822],[-78.3905337,44.481101800000033],[-78.390511,44.481109300000014],[-78.390488,44.48111670000003],[-78.39045,44.4811244]]],[[[-78.33219749999995,44.5044284],[-78.332159499999989,44.504420700000026],[-78.33212119999996,44.5044095],[-78.3320832,44.504398300000048],[-78.332022199999983,44.5043905],[-78.331984,44.504386400000044],[-78.3319457,44.5043789],[-78.331923,44.504379200000017],[-78.331892499999981,44.504367800000011],[-78.331869499999982,44.50436],[-78.331846699999971,44.5043483],[-78.331808499999966,44.504340800000023],[-78.3317702,44.504329400000017],[-78.3317475,44.504310300000043],[-78.331709199999977,44.504298800000015],[-78.331686499999989,44.5042838],[-78.331648499999972,44.504264400000011],[-78.3316332,44.504245300000036],[-78.3316102,44.504226300000028],[-78.3315872,44.5042072],[-78.331579699999963,44.504188200000044],[-78.331549,44.504169],[-78.331526199999985,44.5041425],[-78.331518499999959,44.504122900000027],[-78.3315035,44.50410770000002],[-78.33149549999996,44.504089],[-78.331549,44.504016400000012],[-78.331572,44.5040012],[-78.331625499999973,44.503982300000018],[-78.331648499999972,44.503974700000015],[-78.331686499999989,44.503974700000015],[-78.331709199999977,44.503978500000017],[-78.3317472,44.503978500000017],[-78.331862,44.5039787],[-78.331915199999969,44.503982300000018],[-78.3319535,44.503982300000018],[-78.331991499999958,44.503982300000018],[-78.332014499999957,44.503974700000015],[-78.332037499999956,44.503966700000035],[-78.332075499999974,44.503966700000035],[-78.332129,44.503959400000042],[-78.332167199999958,44.503951700000016],[-78.332289,44.503944200000035],[-78.332319699999971,44.503944],[-78.332342499999982,44.503947800000049],[-78.332380699999987,44.503947800000049],[-78.3324035,44.503955500000018],[-78.3324417,44.503959400000042],[-78.332502699999964,44.5039592],[-78.332525699999962,44.503967200000034],[-78.33256369999998,44.503970400000014],[-78.332602,44.503997800000036],[-78.3326247,44.504016400000012],[-78.33264,44.504043200000012],[-78.33264,44.504070300000024],[-78.33264,44.504108500000029],[-78.3326477,44.504176800000039],[-78.3326477,44.5042072],[-78.332632499999988,44.504234],[-78.332617,44.504268300000035],[-78.3325865,44.504294900000048],[-78.33256369999998,44.504310500000031],[-78.332525699999962,44.504329400000017],[-78.332487499999957,44.504344700000047],[-78.3324647,44.504356],[-78.332434199999966,44.504363800000021],[-78.332411199999967,44.5043789],[-78.33237319999995,44.504397900000015],[-78.332342499999982,44.5044057],[-78.332304499999964,44.504412900000034],[-78.332281499999965,44.504421],[-78.332258699999954,44.504421200000024],[-78.3322205,44.504421],[-78.33219749999995,44.5044284]]],[[[-78.417655699999955,44.355085200000019],[-78.417762699999969,44.354951500000027],[-78.4178617,44.354882500000031],[-78.418052699999976,44.354813700000022],[-78.4181822,44.3547987],[-78.418304499999977,44.3548103],[-78.4186095,44.3548523],[-78.4188997,44.354967],[-78.4189912,44.355023800000026],[-78.419044499999984,44.3550965],[-78.4189912,44.355168900000024],[-78.418518,44.355137900000045],[-78.418144199999972,44.355085200000019],[-78.418052499999988,44.355092400000046],[-78.417953499999953,44.355126900000016],[-78.417701699999952,44.3554168],[-78.417648199999974,44.3554967],[-78.4175717,44.3555503],[-78.417587199999957,44.355233400000031],[-78.417655699999955,44.355085200000019]]],[[[-78.338362099999983,44.5576724],[-78.338301099999967,44.557599900000014],[-78.3382246,44.557615200000043],[-78.3381101,44.557630900000049],[-78.338064299999985,44.557565900000043],[-78.3380568,44.557478100000026],[-78.3380568,44.55737860000005],[-78.338140799999962,44.557298600000024],[-78.3382246,44.5572836],[-78.338339099999985,44.557340300000021],[-78.33840779999997,44.5574206],[-78.338468799999987,44.557477800000015],[-78.3385831,44.55753530000004],[-78.33865179999998,44.557581200000016],[-78.338789299999974,44.557626600000049],[-78.338903799999969,44.5576954],[-78.338926599999979,44.557748600000025],[-78.3388961,44.5578289],[-78.338812099999984,44.557916800000044],[-78.33868259999997,44.5580046],[-78.338545099999976,44.558054100000049],[-78.33845359999998,44.558080300000029],[-78.338369599999965,44.558050200000025],[-78.338346799999954,44.5580041],[-78.3383313,44.557969900000046],[-78.3382858,44.557897300000036],[-78.3383543,44.5577644],[-78.338362099999983,44.5576724]]],[[[-78.2755004,44.126788],[-78.2755386,44.126787800000045],[-78.2755616,44.126799],[-78.275599599999964,44.1268071],[-78.275637599999982,44.126818400000047],[-78.275660599999981,44.126837300000034],[-78.2756986,44.1268485],[-78.2757216,44.126856300000043],[-78.27573689999997,44.1268756],[-78.2757446,44.126909900000044],[-78.2757446,44.12693680000001],[-78.2757446,44.126982400000031],[-78.275737099999958,44.127020300000027],[-78.275752399999988,44.127047400000038],[-78.275759899999969,44.1270816],[-78.275775099999976,44.127108],[-78.275775399999986,44.127146400000015],[-78.275782599999957,44.127165],[-78.275782899999967,44.127199500000017],[-78.275782599999957,44.1272265],[-78.27576739999995,44.12725290000003],[-78.275752099999977,44.127279900000019],[-78.275729399999989,44.127314],[-78.275714099999959,44.127341],[-78.2756986,44.127367400000026],[-78.2756837,44.1273865],[-78.275546099999985,44.127474100000029],[-78.275531,44.127489800000035],[-78.2755082,44.127501],[-78.275477699999954,44.127516],[-78.275439399999982,44.127550400000018],[-78.275424399999963,44.1275698],[-78.275401099999954,44.1275966],[-78.2753861,44.127615600000013],[-78.275370899999984,44.127649600000041],[-78.2753631,44.127669],[-78.275348,44.127683900000022],[-78.2753174,44.127710800000045],[-78.27529439999995,44.1277374],[-78.275271399999951,44.127764600000035],[-78.275256399999989,44.127790700000048],[-78.275225899999953,44.1278064],[-78.275203,44.1278327],[-78.2751647,44.127859700000045],[-78.275142,44.1278785],[-78.27511149999998,44.127894],[-78.275073499999962,44.127901800000018],[-78.275035,44.127913],[-78.274997,44.127909],[-78.274974,44.127901300000019],[-78.274951199999975,44.127882200000045],[-78.274951199999975,44.127836800000011],[-78.274966399999983,44.1278216],[-78.274989099999971,44.1278024],[-78.275019899999961,44.127783500000021],[-78.275057899999979,44.127767800000015],[-78.275080899999978,44.127749],[-78.275111399999957,44.127722400000039],[-78.275134499999979,44.127688],[-78.275149399999975,44.12767290000005],[-78.275172399999974,44.127653400000042],[-78.275187599999981,44.1276345],[-78.275225899999953,44.127611400000035],[-78.275241199999982,44.1275847],[-78.275264,44.127558300000032],[-78.2752792,44.127531200000021],[-78.275294499999973,44.127493],[-78.275279499999954,44.127466500000025],[-78.275286699999981,44.1274325],[-78.275294499999973,44.1274052],[-78.27531,44.1273673],[-78.2753252,44.127340900000036],[-78.27534049999997,44.12730670000002],[-78.275355499999989,44.1272798],[-78.27534049999997,44.1272533],[-78.275317499999971,44.127234200000032],[-78.27531,44.127214700000025],[-78.27531,44.127169200000026],[-78.2753252,44.127142200000037],[-78.275333,44.1271082],[-78.275378499999988,44.127046800000016],[-78.2753937,44.127020500000015],[-78.275401499999987,44.126993700000014],[-78.2754167,44.1269557],[-78.275431699999956,44.12694],[-78.275447,44.126901700000019],[-78.27546209999997,44.126886800000023],[-78.275470199999972,44.126833800000043],[-78.2754852,44.1268139],[-78.2755004,44.126788]]],[[[-78.1281189,44.5467997],[-78.1280807,44.546781100000032],[-78.128057899999988,44.546781100000032],[-78.128019699999982,44.546773200000018],[-78.128004399999952,44.546761900000035],[-78.127996899999971,44.546742900000027],[-78.127996899999971,44.546727700000019],[-78.1279892,44.546681700000022],[-78.127989099999979,44.546654700000033],[-78.127989099999979,44.546628400000031],[-78.127989,44.546609200000034],[-78.1279892,44.546582700000044],[-78.128004399999952,44.546563700000036],[-78.128019599999959,44.546536900000035],[-78.128034899999989,44.546521400000017],[-78.1280425,44.546475500000042],[-78.1280501,44.546456700000022],[-78.1280655,44.546384400000022],[-78.128065399999969,44.546357400000034],[-78.1280807,44.5463231],[-78.1280807,44.5462966],[-78.1280959,44.546258500000022],[-78.1280959,44.546231500000033],[-78.128111199999978,44.546216500000014],[-78.128134099999954,44.54617090000005],[-78.128149399999984,44.546144],[-78.128164699999957,44.546128400000043],[-78.128179899999964,44.546090200000037],[-78.128179899999964,44.5460104],[-78.12818,44.5459912],[-78.128195,44.5459644],[-78.1282104,44.545938],[-78.1282334,44.545922900000051],[-78.128248599999949,44.5458959],[-78.128279099999986,44.545888400000024],[-78.1283019,44.545877],[-78.128401099999962,44.5459075],[-78.1284164,44.5459262],[-78.128408899999954,44.545945500000016],[-78.128408699999966,44.54597990000002],[-78.128408899999954,44.54605250000003],[-78.128408699999966,44.5460789],[-78.128401099999962,44.546113400000024],[-78.128401099999962,44.546132600000021],[-78.128378199999986,44.54619340000005],[-78.128363,44.546220400000038],[-78.128347699999949,44.546247100000016],[-78.128347699999949,44.546277500000031],[-78.128340199999968,44.546319400000016],[-78.12834,44.546364900000015],[-78.1283401,44.546384100000012],[-78.128340199999968,44.54641840000005],[-78.128347699999949,44.546445200000051],[-78.128355399999975,44.5465102],[-78.128378199999986,44.546563600000013],[-78.1283934,44.5466015],[-78.128393499999959,44.54661660000005],[-78.128393599999981,44.546647600000028],[-78.128385899999955,44.5466624],[-78.128386,44.546689400000048],[-78.1283707,44.5467084],[-78.12837049999996,44.546734900000047],[-78.128370599999982,44.546761900000035],[-78.128370599999982,44.546781],[-78.1283707,44.546815400000014],[-78.128378199999986,44.546842100000049],[-78.128378399999974,44.546861400000012],[-78.128378399999974,44.546879900000022],[-78.128393499999959,44.546907],[-78.128385899999955,44.546933600000045],[-78.128385899999955,44.5469529],[-78.128362899999956,44.546968],[-78.1283325,44.54697950000002],[-78.128309599999966,44.546975700000019],[-78.128286599999967,44.546967900000027],[-78.128263899999979,44.546956100000045],[-78.12824089999998,44.546937],[-78.1282104,44.546903],[-78.128187499999967,44.54687610000002],[-78.128179899999964,44.546845900000051],[-78.128156899999965,44.546830900000032],[-78.128141699999958,44.546811500000047],[-78.1281189,44.5467997]]],[[[-78.246798499999954,44.549653800000044],[-78.2467605,44.549642400000039],[-78.246737699999983,44.54964190000004],[-78.246707,44.549634500000025],[-78.2466842,44.54961540000005],[-78.2467145,44.549588800000038],[-78.2467375,44.549554200000046],[-78.246768199999963,44.549535400000025],[-78.2467757,44.549508700000047],[-78.246806,44.549474800000041],[-78.246821499999953,44.549455200000011],[-78.246821499999953,44.549428700000021],[-78.24680619999998,44.549409500000024],[-78.246783199999982,44.549402200000031],[-78.2467605,44.549401700000033],[-78.246745,44.549383],[-78.2467375,44.549283800000012],[-78.246745,44.5492304],[-78.246745,44.549184300000036],[-78.24673,44.549157700000023],[-78.246722,44.5491389],[-78.2467072,44.549093200000016],[-78.246684,44.5490742],[-78.2467527,44.549013300000013],[-78.246768,44.548997500000041],[-78.246791,44.548978200000022],[-78.246806,44.548959200000013],[-78.2468442,44.548944200000051],[-78.2468672,44.548936800000035],[-78.246897699999977,44.5489364],[-78.246920499999987,44.548936300000037],[-78.246928199999957,44.548955800000044],[-78.2469587,44.548974700000031],[-78.246989199999973,44.548994],[-78.247019699999953,44.5490014],[-78.247065499999962,44.549012800000014],[-78.24710349999998,44.549012800000014],[-78.247126699999967,44.549012800000014],[-78.2471645,44.5490317],[-78.2471875,44.549050800000032],[-78.247218,44.549070300000039],[-78.247241,44.549089200000026],[-78.24727919999998,44.549115700000016],[-78.247302,44.549134800000047],[-78.247363,44.54917290000003],[-78.247386,44.549199900000019],[-78.247393699999975,44.549226800000042],[-78.2473862,44.549245400000018],[-78.247355499999969,44.549261],[-78.24733249999997,44.549261],[-78.247309499999972,44.549260800000013],[-78.247271499999954,44.549268500000039],[-78.247241199999962,44.549276],[-78.247218,44.549287400000026],[-78.247195499999975,44.549302800000021],[-78.247164699999985,44.5493103],[-78.247142,44.5493217],[-78.24711149999996,44.549329200000045],[-78.247073,44.549356200000034],[-78.247035,44.5493712],[-78.246997,44.549379200000033],[-78.246974,44.5493978],[-78.246974,44.54944],[-78.246997,44.5494592],[-78.247019699999953,44.549470700000029],[-78.247042699999952,44.5494779],[-78.247096199999987,44.54948950000005],[-78.247119,44.5495012],[-78.2471572,44.5495085],[-78.24718,44.549527800000021],[-78.247164699999985,44.549581500000045],[-78.247149499999978,44.5496157],[-78.247126499999979,44.549626900000021],[-78.246997,44.549642400000039],[-78.2469587,44.549649700000032],[-78.246936,44.54964990000002],[-78.246897699999977,44.549646],[-78.246859499999971,44.549646],[-78.246821499999953,44.549653800000044],[-78.246798499999954,44.549653800000044]]],[[[-78.377059699999961,44.47684780000003],[-78.377105699999959,44.476825],[-78.377105699999959,44.4768515],[-78.377120699999978,44.476885700000025],[-78.3771132,44.476939],[-78.3771132,44.476977200000022],[-78.377098,44.476992900000027],[-78.377090499999952,44.477210300000024],[-78.3770902,44.477236800000014],[-78.377098,44.477270800000042],[-78.377098,44.477317],[-78.377098,44.477343500000018],[-78.377067499999953,44.477435],[-78.37705219999998,44.477461700000049],[-78.37705219999998,44.477496200000019],[-78.377037,44.47751530000005],[-78.3770295,44.47754180000004],[-78.377014,44.4775687],[-78.376999,44.477584],[-78.3769835,44.477610700000014],[-78.376960699999984,44.47767540000001],[-78.376953,44.477702300000033],[-78.3769302,44.4777368],[-78.376914699999986,44.477755800000011],[-78.376899699999967,44.477782400000024],[-78.376876699999968,44.477809200000024],[-78.376854,44.4778164],[-78.376815499999964,44.4778164],[-78.376785199999972,44.47781690000005],[-78.376762199999973,44.4777975],[-78.3767547,44.4777785],[-78.3767547,44.477751900000044],[-78.376739199999975,44.4777249],[-78.3767317,44.477706],[-78.376716499999986,44.477679500000022],[-78.376709,44.477660400000048],[-78.376693699999976,44.477641300000016],[-78.376693699999976,44.477614300000027],[-78.376686,44.4775955],[-78.376678199999958,44.477515],[-78.376663,44.477496500000029],[-78.376678499999969,44.4774425],[-78.376693499999988,44.477396900000031],[-78.376709,44.477282400000036],[-78.376724199999956,44.4772443],[-78.376724199999956,44.47721770000004],[-78.376739199999975,44.477190900000039],[-78.3767547,44.477156700000023],[-78.376793,44.4770767],[-78.376808,44.4770497],[-78.3768232,44.477031],[-78.376846199999989,44.47701550000005],[-78.376861699999949,44.476996400000019],[-78.376892199999986,44.476969700000041],[-78.376915,44.476954500000033],[-78.376937699999985,44.476927700000033],[-78.376968199999965,44.476901],[-78.376991199999964,44.4768818],[-78.377059699999961,44.47684780000003]]],[[[-78.392143199999964,44.5738053],[-78.39223469999996,44.573778200000049],[-78.392334,44.573816500000021],[-78.392395,44.573881800000038],[-78.392456,44.573965500000043],[-78.392463499999963,44.574045500000011],[-78.392433199999971,44.574125700000025],[-78.39238,44.574171300000046],[-78.392288,44.574232400000028],[-78.39223469999996,44.5743127],[-78.3921737,44.5743544],[-78.392067,44.574396400000012],[-78.391967699999952,44.57441190000003],[-78.391891499999986,44.574400300000036],[-78.391830199999958,44.574320400000033],[-78.391845699999976,44.5742477],[-78.3919067,44.574087300000031],[-78.391945,44.5740265],[-78.391998199999989,44.5739615],[-78.392067,44.573892900000033],[-78.392143199999964,44.5738053]]],[[[-78.3109867,44.557454700000051],[-78.311070499999971,44.557447200000013],[-78.3111697,44.557503900000029],[-78.311230699999953,44.55755],[-78.311337699999967,44.5576342],[-78.311375699999985,44.5577523],[-78.311406199999965,44.557839700000045],[-78.311482499999954,44.5579045],[-78.311582,44.557935500000042],[-78.311650499999985,44.558007700000019],[-78.311658,44.558107],[-78.311643,44.5581717],[-78.311543699999959,44.5582139],[-78.3114137,44.5582099],[-78.311269,44.558191],[-78.3111697,44.558122500000025],[-78.311185,44.558053200000018],[-78.311268699999971,44.55802680000005],[-78.311314699999969,44.557992800000022],[-78.3112615,44.557946900000047],[-78.3112385,44.5579275],[-78.311131499999988,44.557851300000038],[-78.3110552,44.55778650000002],[-78.311024699999962,44.557714300000043],[-78.310986499999956,44.557652800000028],[-78.310979,44.55758830000002],[-78.310979,44.5575078],[-78.3109867,44.557454700000051]]],[[[-78.252742,44.552481],[-78.2527192,44.552469200000019],[-78.2526962,44.5524805],[-78.252665699999966,44.55248830000005],[-78.252635199999986,44.552484500000048],[-78.252604699999949,44.5524843],[-78.2525665,44.552477],[-78.252528499999983,44.552465500000039],[-78.252467199999955,44.552453900000046],[-78.252444499999967,44.552438700000039],[-78.2524062,44.552434800000015],[-78.252368199999978,44.552427500000022],[-78.2523455,44.55241570000004],[-78.252307,44.552408300000025],[-78.252299199999982,44.5523887],[-78.252284199999963,44.5523703],[-78.252284199999963,44.552343300000018],[-78.252314499999954,44.552281900000025],[-78.25233,44.552263],[-78.2523377,44.552244300000041],[-78.252353,44.552228800000023],[-78.252383499999951,44.552209800000014],[-78.252421499999969,44.552202],[-78.252429,44.5521832],[-78.252459699999974,44.552167700000041],[-78.252467499999966,44.552148700000032],[-78.252513,44.5521223],[-78.252536,44.552095300000019],[-78.252551199999971,44.55208],[-78.2525665,44.552060900000015],[-78.2525895,44.55204580000003],[-78.252604699999949,44.5520267],[-78.25262,44.552],[-78.252642699999967,44.551980800000024],[-78.252665699999966,44.551973300000043],[-78.252703699999984,44.551958300000024],[-78.252734499999974,44.551950500000032],[-78.252757199999962,44.551939200000049],[-78.252780199999961,44.551984700000048],[-78.2527725,44.552129500000035],[-78.252788,44.552148700000032],[-78.2527877,44.552175800000043],[-78.2528107,44.552175800000043],[-78.252849,44.552167700000041],[-78.252871699999957,44.552148400000021],[-78.2529022,44.552133700000013],[-78.252940199999955,44.552114500000016],[-78.252963499999964,44.552114500000016],[-78.253001199999972,44.5521185],[-78.253001499999982,44.552152700000022],[-78.253001199999972,44.552179300000034],[-78.252986,44.552205900000047],[-78.252971,44.552244300000041],[-78.252955699999973,44.552271300000029],[-78.252940499999966,44.552286300000048],[-78.252932699999974,44.552304900000024],[-78.252940499999966,44.552324400000032],[-78.252955499999985,44.5523397],[-78.252978499999983,44.552359],[-78.253016699999989,44.55237],[-78.25305469999995,44.552377500000034],[-78.2530395,44.552396900000019],[-78.25302419999997,44.552423300000044],[-78.253001499999982,44.552442500000041],[-78.252963199999954,44.552457800000013],[-78.252932699999974,44.552476500000012],[-78.252909699999975,44.552491800000041],[-78.2528792,44.55249950000001],[-78.25285649999995,44.552511400000014],[-78.252833499999952,44.5525078],[-78.2528107,44.5525],[-78.252780199999961,44.55248830000005],[-78.252742,44.552481]]],[[[-78.303914,44.559463900000026],[-78.3039445,44.559437200000048],[-78.3039905,44.559449],[-78.304043699999966,44.559460200000046],[-78.304089499999975,44.559449],[-78.304158,44.559434],[-78.304249499999969,44.5593993],[-78.304356499999983,44.559395700000039],[-78.304463199999987,44.559380300000043],[-78.304524499999957,44.559353700000031],[-78.3045932,44.559319400000049],[-78.30463119999996,44.559311700000023],[-78.3046387,44.5593457],[-78.30460069999998,44.559407300000032],[-78.3045472,44.559479400000043],[-78.304478499999959,44.5595328],[-78.3044405,44.559586200000012],[-78.304387,44.5596817],[-78.3043717,44.5597543],[-78.304341199999953,44.559826500000042],[-78.304310699999974,44.559906800000022],[-78.304295499999967,44.559986900000013],[-78.304265,44.5600483],[-78.3042117,44.560074500000042],[-78.3041657,44.560036200000013],[-78.30412,44.559983],[-78.304097,44.5599297],[-78.3040742,44.559872400000017],[-78.304097,44.559837900000048],[-78.3041045,44.559792300000026],[-78.304066499999976,44.559746800000028],[-78.304020699999967,44.559674200000018],[-78.303998,44.559628300000043],[-78.303975199999968,44.559563500000024],[-78.303952,44.559510200000034],[-78.303914,44.559463900000026]]],[[[-78.247462199999973,44.5505617],[-78.247485,44.5505273],[-78.247515699999951,44.5505008],[-78.247553699999969,44.550493300000028],[-78.247577,44.550481200000036],[-78.24763,44.5504742],[-78.247676,44.550466300000039],[-78.247714199999962,44.550451],[-78.2477447,44.55044330000004],[-78.247767499999952,44.5504242],[-78.247805699999958,44.55041680000005],[-78.247828499999969,44.55041680000005],[-78.247859,44.550409200000047],[-78.247897,44.550409200000047],[-78.247935199999972,44.550401300000033],[-78.247958499999982,44.550401300000033],[-78.248118499999975,44.550397700000019],[-78.2481565,44.5504052],[-78.248187,44.55041680000005],[-78.2481947,44.5504358],[-78.24821,44.550454700000046],[-78.24821,44.550481200000036],[-78.2482177,44.550535300000035],[-78.2482025,44.5505503],[-78.2481795,44.550561400000049],[-78.248149,44.550557700000013],[-78.248111,44.550558],[-78.248088,44.550565300000017],[-78.248049699999967,44.550584300000025],[-78.24803449999996,44.5506039],[-78.24801169999995,44.550626500000021],[-78.24801169999995,44.55066480000005],[-78.248004,44.550691500000028],[-78.2479965,44.550725900000032],[-78.24798119999997,44.550744900000041],[-78.2479505,44.550790800000016],[-78.247897199999954,44.550813800000014],[-78.247721499999955,44.550821],[-78.2476987,44.5508289],[-78.2476757,44.550836200000049],[-78.247645499999976,44.550836200000049],[-78.247584499999959,44.550824700000021],[-78.2475005,44.5507948],[-78.247500699999989,44.5507677],[-78.2475005,44.550741300000027],[-78.2474775,44.5507063],[-78.247469699999954,44.550687500000038],[-78.2474547,44.550641800000051],[-78.2474547,44.55059620000003],[-78.247462199999973,44.5505617]]],[[[-78.38578,44.574568200000044],[-78.38581819999996,44.574488200000019],[-78.385871499999951,44.574434900000028],[-78.385947699999974,44.574411700000041],[-78.3859172,44.5744803],[-78.385978499999965,44.574499300000014],[-78.386062199999969,44.5744575],[-78.386146199999985,44.574442500000032],[-78.386184499999956,44.574488],[-78.386184499999956,44.5745488],[-78.386176699999965,44.57463290000004],[-78.386138499999959,44.574694300000033],[-78.386085199999968,44.574720500000012],[-78.386009,44.57476280000003],[-78.385955499999966,44.5748049],[-78.3859175,44.574858300000017],[-78.385887,44.574911500000042],[-78.3858717,44.574930700000039],[-78.3858335,44.575044700000035],[-78.38578769999998,44.575125],[-78.385749499999974,44.57517850000005],[-78.38558919999997,44.5751669],[-78.385513,44.575147800000025],[-78.385497699999974,44.575094700000022],[-78.385543499999983,44.575049],[-78.385566499999982,44.574995400000034],[-78.3855587,44.5749495],[-78.385551199999952,44.574904200000049],[-78.385574,44.574888700000031],[-78.385635,44.5748807],[-78.385703699999965,44.574846700000023],[-78.385726499999976,44.574808300000029],[-78.385757,44.574648300000035],[-78.38578,44.574568200000044]]],[[[-78.264850199999955,44.557776200000035],[-78.2648347,44.557756900000015],[-78.264812,44.557756900000015],[-78.264773699999978,44.557749200000046],[-78.26473569999996,44.557730500000048],[-78.264713,44.557718800000032],[-78.26469,44.557711],[-78.264652,44.557707500000049],[-78.264621199999965,44.5577073],[-78.264598499999977,44.557699400000047],[-78.264590699999985,44.557680800000014],[-78.264613699999984,44.557673300000033],[-78.2646135,44.557646200000022],[-78.264606,44.557627200000013],[-78.264590699999985,44.557608],[-78.264590699999985,44.557581500000026],[-78.264606,44.557554800000048],[-78.264606,44.557528200000036],[-78.2645832,44.55751650000002],[-78.2646135,44.557421200000022],[-78.2646135,44.557383],[-78.2646287,44.5573678],[-78.2646517,44.5573564],[-78.264682199999982,44.557340900000042],[-78.26470519999998,44.557333500000027],[-78.264720499999953,44.5573144],[-78.264758699999959,44.557306700000026],[-78.26478149999997,44.557299200000045],[-78.264812,44.55726130000005],[-78.264850199999955,44.557226400000047],[-78.2649035,44.5571923],[-78.264941699999952,44.55716590000003],[-78.26496469999995,44.557150400000012],[-78.264987499999961,44.557150400000012],[-78.265018,44.557142900000031],[-78.265041,44.557123700000034],[-78.265063699999985,44.5571162],[-78.265094199999965,44.557096800000011],[-78.265117,44.557089500000018],[-78.2651477,44.557081800000049],[-78.2651707,44.557081800000049],[-78.265209,44.557092900000043],[-78.2652162,44.557112500000017],[-78.2652162,44.5571468],[-78.265201,44.557173],[-78.265186,44.557207700000049],[-78.26517819999998,44.55723450000005],[-78.265163,44.5572535],[-78.2651325,44.557268500000021],[-78.2651247,44.55728780000004],[-78.265109699999982,44.5573147],[-78.265086699999983,44.557321900000034],[-78.265018,44.557329700000025],[-78.26498,44.557322200000044],[-78.264972199999988,44.557303],[-78.2649495,44.55729180000003],[-78.264918699999953,44.5573033],[-78.2649037,44.557337500000017],[-78.2648807,44.557345],[-78.264865199999974,44.557363900000041],[-78.264873,44.557436200000041],[-78.264873,44.557463200000029],[-78.264873,44.557497500000011],[-78.264888199999973,44.55751680000003],[-78.264896,44.557535700000017],[-78.264911199999972,44.557554900000014],[-78.2649035,44.557588900000042],[-78.264896,44.557623500000034],[-78.264888199999973,44.557650200000012],[-78.264888199999973,44.5576767],[-78.2649035,44.557696],[-78.2649265,44.557695700000011],[-78.26496469999995,44.5576997],[-78.264987699999949,44.55768850000004],[-78.265018,44.5576919],[-78.265040699999986,44.5576919],[-78.265094499999975,44.55768420000004],[-78.265132699999981,44.55768420000004],[-78.2651555,44.557696],[-78.26517819999998,44.557703800000013],[-78.265193499999953,44.557722500000011],[-78.265186,44.5577417],[-78.2651477,44.557776200000035],[-78.2651247,44.557810500000016],[-78.265109699999982,44.557829500000025],[-78.2649492,44.557832900000051],[-78.264918699999953,44.5578332],[-78.2648805,44.5578332],[-78.2648577,44.557821500000045],[-78.264850199999955,44.557802800000047],[-78.264850199999955,44.557776200000035]]],[[[-78.290287499999977,44.558692800000017],[-78.290295,44.558654400000023],[-78.290302699999984,44.558635500000037],[-78.290318,44.5586204],[-78.290356199999962,44.558601300000021],[-78.2903867,44.5585858],[-78.29039419999998,44.558567],[-78.290409499999953,44.5585474],[-78.29042469999996,44.558532400000047],[-78.290409499999953,44.558494],[-78.2903867,44.5584677],[-78.290364,44.5584599],[-78.290341,44.558448700000042],[-78.290310499999975,44.558448400000032],[-78.290287499999977,44.558437300000037],[-78.29028,44.558364500000039],[-78.290295,44.558338],[-78.2903182,44.558322800000042],[-78.290348699999981,44.5583153],[-78.290356,44.5582958],[-78.2903867,44.558281],[-78.290409499999953,44.558261800000025],[-78.290432499999952,44.558254200000022],[-78.290463,44.558254],[-78.290501,44.558254],[-78.290524,44.55824640000003],[-78.2905467,44.558238500000016],[-78.290577199999973,44.558231],[-78.2906155,44.558231],[-78.29065369999995,44.558231],[-78.2906767,44.5582238],[-78.29069949999996,44.558215500000017],[-78.29073,44.558204500000045],[-78.290752699999985,44.558196800000019],[-78.290775699999983,44.558189200000015],[-78.290806199999963,44.558189],[-78.290829199999962,44.558181500000046],[-78.290852,44.558181500000046],[-78.2908827,44.5581818],[-78.290905499999951,44.5581818],[-78.290943699999957,44.558192800000029],[-78.290966499999968,44.558192800000029],[-78.290989199999956,44.558204500000045],[-78.291043,44.558231],[-78.2910657,44.558242700000051],[-78.291073199999971,44.5582847],[-78.2910657,44.558322800000042],[-78.291027499999984,44.558330500000011],[-78.290997,44.558319],[-78.290974,44.558303200000012],[-78.290966499999968,44.558284400000048],[-78.290936,44.558273],[-78.290913199999977,44.558265800000015],[-78.29089769999996,44.558280800000034],[-78.290875,44.558292200000039],[-78.290852,44.558318700000029],[-78.290875,44.55835350000001],[-78.2908597,44.558379800000012],[-78.29086719999998,44.558406500000046],[-78.2908597,44.558425900000032],[-78.290852,44.558444800000018],[-78.2908445,44.558479300000045],[-78.2908137,44.558487],[-78.290791,44.5584943],[-78.290753,44.558502300000043],[-78.290714699999967,44.55852150000004],[-78.290684199999987,44.558529],[-78.290646,44.558536300000014],[-78.29062319999997,44.558555400000046],[-78.290585,44.558581700000047],[-78.2905697,44.5585974],[-78.290547,44.558616200000017],[-78.290516199999956,44.558623800000021],[-78.290493499999968,44.558643],[-78.2904552,44.558658300000047],[-78.2904322,44.5586773],[-78.290401699999961,44.5586738],[-78.290379199999961,44.558685],[-78.290364,44.5587003],[-78.290348699999981,44.558727],[-78.290341,44.558745700000031],[-78.290310499999975,44.55874620000003],[-78.290287499999977,44.55874620000003],[-78.290287699999965,44.558719200000041],[-78.290287499999977,44.558692800000017]]],[[[-78.363883199999975,44.452742400000034],[-78.363848,44.4527347],[-78.363797,44.452741700000047],[-78.36373169999996,44.45272250000005],[-78.3636975,44.452689300000031],[-78.3636727,44.452670400000045],[-78.363644499999964,44.452618200000018],[-78.36366,44.45257840000005],[-78.3636962,44.452546],[-78.363737499999957,44.452524500000038],[-78.363783499999954,44.4525064],[-78.363814199999979,44.452499500000044],[-78.36388,44.4525003],[-78.3639407,44.4524935],[-78.3640117,44.452494200000046],[-78.364047199999959,44.452494400000035],[-78.364098,44.452484],[-78.364179,44.452492300000017],[-78.3642342,44.452503700000022],[-78.3643,44.452508300000034],[-78.36435419999998,44.452552700000012],[-78.364389,44.4525825],[-78.3644185,44.4526088],[-78.364438,44.4526419],[-78.364430699999957,44.452715300000023],[-78.364429499999972,44.452755800000034],[-78.364398699999981,44.452773700000023],[-78.3643272,44.452795300000048],[-78.364260699999988,44.4528128],[-78.364179499999977,44.452826500000015],[-78.3641437,44.452840700000024],[-78.364063,44.4528252],[-78.364013199999988,44.4527989],[-78.363968,44.452783900000043],[-78.363918499999954,44.452750200000025],[-78.363883199999975,44.452742400000034]]],[[[-78.430589,44.347221],[-78.43048349999998,44.347213],[-78.430377699999951,44.347212],[-78.430262499999969,44.3471965],[-78.4301577,44.34717],[-78.430118,44.3471548],[-78.430089,44.3471065],[-78.4300907,44.347062400000027],[-78.4301375,44.347022300000049],[-78.4302032,44.347011800000018],[-78.430329699999959,44.346990800000015],[-78.430425499999956,44.346980300000041],[-78.430511,44.3469882],[-78.430621699999961,44.3469854],[-78.430747,44.347005],[-78.430827,44.347020200000031],[-78.430907,44.347035700000049],[-78.4310112,44.347084400000028],[-78.431066,44.347103200000049],[-78.431155199999978,44.34715170000004],[-78.431158499999981,44.347196],[-78.431117499999971,44.347221500000046],[-78.431053,44.34719530000001],[-78.430977,44.34720580000004],[-78.430911199999969,44.34722],[-78.430846,44.3472195],[-78.430760499999963,44.34721490000004],[-78.430684699999972,44.3472218],[-78.430589,44.347221]]],[[[-78.344885299999987,44.55564720000001],[-78.344961799999965,44.5556201],[-78.345091299999979,44.555631300000016],[-78.3451981,44.555696300000022],[-78.3452208,44.555799400000012],[-78.345167799999956,44.555902600000024],[-78.345083599999953,44.555994200000043],[-78.344969099999958,44.5560092],[-78.344824299999971,44.5559864],[-78.3446563,44.555948100000023],[-78.344534299999964,44.555898600000035],[-78.344488599999977,44.555833600000028],[-78.344580099999973,44.555773200000033],[-78.344671799999958,44.555730900000015],[-78.344786099999965,44.555707900000016],[-78.344885299999987,44.55564720000001]]],[[[-78.381828,44.578017],[-78.3819805,44.577994],[-78.382072,44.578012900000033],[-78.382171,44.578012900000033],[-78.382194,44.5780775],[-78.382194,44.57815],[-78.382163199999979,44.57825680000002],[-78.382117699999981,44.5783295],[-78.382056699999964,44.578344900000047],[-78.381904,44.578386500000022],[-78.381759199999976,44.5784365],[-78.381698,44.5784365],[-78.381637,44.5783793],[-78.381644699999981,44.5783065],[-78.3816675,44.578237700000045],[-78.381736199999978,44.578158],[-78.381736199999978,44.57811190000001],[-78.381744,44.578077900000039],[-78.381828,44.578017]]],[[[-78.3797985,44.472643800000014],[-78.3798215,44.472643600000026],[-78.3798443,44.47265520000002],[-78.379882499999951,44.47268170000001],[-78.379897799999981,44.472700800000041],[-78.37990549999995,44.472727600000042],[-78.379920799999979,44.4727464],[-78.37992829999996,44.472765800000047],[-78.379943499999968,44.472780700000044],[-78.379966499999966,44.472800100000029],[-78.379974,44.4729987],[-78.379966499999966,44.4730174],[-78.379966499999966,44.47304390000005],[-78.379951299999959,44.4730786],[-78.379943499999968,44.4730973],[-78.379936,44.473124200000029],[-78.37992829999996,44.4731433],[-78.37989,44.47317780000003],[-78.379874799999982,44.473196800000039],[-78.379859799999963,44.4732118],[-78.379837,44.473231200000043],[-78.3797985,44.473257700000033],[-78.379768,44.473265200000014],[-78.379745299999968,44.4732654],[-78.379722499999957,44.473246300000028],[-78.379699499999958,44.473234600000012],[-78.379684,44.473219300000039],[-78.3796688,44.4732007],[-78.379661299999952,44.4731812],[-78.379646,44.473154600000044],[-78.379653799999971,44.473135800000023],[-78.3796385,44.473090100000036],[-78.3796385,44.47305590000002],[-78.3796385,44.47290270000002],[-78.3796233,44.472830700000031],[-78.379630799999973,44.4727848],[-78.379638299999954,44.472765300000049],[-78.379646,44.472738900000024],[-78.379653799999971,44.472712100000024],[-78.379669,44.472685800000022],[-78.379684299999951,44.472670200000039],[-78.379737499999976,44.4726511],[-78.3797758,44.472643800000014],[-78.3797985,44.472643800000014]]],[[[-78.246478,44.552095300000019],[-78.246470499999987,44.5520687],[-78.246470499999987,44.552030300000013],[-78.2464627,44.5520037],[-78.2464857,44.5519769],[-78.246523699999955,44.551961700000049],[-78.246546699999953,44.551953700000013],[-78.2465772,44.551934900000049],[-78.246600199999989,44.551927400000011],[-78.246630499999981,44.55191990000003],[-78.246653699999968,44.551908],[-78.246676499999978,44.5519008],[-78.246707,44.551885200000015],[-78.2467297,44.551866500000017],[-78.2467527,44.551858800000048],[-78.2467835,44.551839700000016],[-78.246806,44.5518323],[-78.2468442,44.5518245],[-78.2469357,44.55181680000004],[-78.2469587,44.55181680000004],[-78.246996699999954,44.5518207],[-78.2470502,44.551812900000016],[-78.2471342,44.5517863],[-78.247164699999985,44.5517787],[-78.247226,44.55177070000002],[-78.24727919999998,44.551762900000028],[-78.247302199999979,44.551763400000027],[-78.24734,44.551762900000028],[-78.247363,44.551763700000038],[-78.247378499999968,44.551794],[-78.247386,44.551828200000045],[-78.247371,44.551855],[-78.24733249999997,44.551881400000013],[-78.247309499999972,44.5519008],[-78.247271499999954,44.551908500000025],[-78.247241,44.551916],[-78.247218199999963,44.551916300000016],[-78.24718,44.551923500000044],[-78.2471572,44.551923500000044],[-78.2471342,44.5519309],[-78.247126699999967,44.551950300000044],[-78.247126699999967,44.551976700000012],[-78.247126499999979,44.5520037],[-78.24711149999996,44.552018700000019],[-78.247073199999988,44.552018700000019],[-78.2470502,44.552018700000019],[-78.247012,44.5520267],[-78.246989199999973,44.552034200000037],[-78.246951,44.552053200000046],[-78.246920499999987,44.552060900000015],[-78.24688249999997,44.552075900000034],[-78.246859499999971,44.552076200000045],[-78.246821499999953,44.552075900000034],[-78.246768,44.552083700000026],[-78.2467297,44.552083700000026],[-78.246684,44.55208],[-78.2466612,44.55208],[-78.246630699999969,44.5520914],[-78.246592499999963,44.552087500000027],[-78.246569499999964,44.552087800000038],[-78.246478,44.552095300000019]]],[[[-78.247790499999951,44.548318400000028],[-78.2477677,44.548307500000021],[-78.2477065,44.548307500000021],[-78.247676,44.548307300000033],[-78.24763,44.548314800000014],[-78.247599499999978,44.548315],[-78.247576699999968,44.548315],[-78.247554,44.548303200000021],[-78.247515699999951,44.548303500000031],[-78.247493,44.548291900000038],[-78.24747,44.548265300000025],[-78.24747,44.548238700000013],[-78.24747,44.548211700000024],[-78.2474547,44.548192500000027],[-78.24747,44.548166300000048],[-78.2475005,44.54815880000001],[-78.2476072,44.548151300000029],[-78.247637699999984,44.548143400000015],[-78.247660699999983,44.548143300000049],[-78.2476835,44.548143300000049],[-78.247737,44.5481547],[-78.247790499999951,44.548166],[-78.2478132,44.548166],[-78.247851499999967,44.548158300000011],[-78.247874499999966,44.54815080000003],[-78.2479047,44.548131800000021],[-78.247943,44.5481163],[-78.24798119999997,44.548105],[-78.248027,44.548108800000023],[-78.248057499999959,44.548109],[-78.248126,44.548108800000023],[-78.248156699999981,44.548112900000035],[-78.2482025,44.548112700000047],[-78.248255699999959,44.54812430000004],[-78.248278499999969,44.548124],[-78.248301499999968,44.548131800000021],[-78.248339699999974,44.548135200000047],[-78.248378,44.548151],[-78.248416,44.548162200000036],[-78.248439,44.548188700000026],[-78.24846169999995,44.5482078],[-78.248462,44.548234700000023],[-78.248438699999951,44.5482422],[-78.2484007,44.548223],[-78.248362699999973,44.5482235],[-78.248347499999966,44.548242400000049],[-78.248347199999955,44.548268900000039],[-78.248332,44.548288],[-78.2482862,44.548303200000021],[-78.248248,44.548311300000023],[-78.2482177,44.548310900000047],[-78.2481795,44.548310800000024],[-78.248156699999981,44.54829970000003],[-78.248133699999983,44.548291900000038],[-78.248110699999984,44.548291900000038],[-78.248072699999966,44.548280800000043],[-78.2480347,44.548280800000043],[-78.248004,44.548288300000024],[-78.24798119999997,44.5482958],[-78.247943199999952,44.548314800000014],[-78.247920199999953,44.54833],[-78.2479047,44.548349],[-78.247866699999975,44.548357],[-78.247844,44.548345300000051],[-78.24781349999995,44.54832620000002],[-78.247790499999951,44.548318400000028]]],[[[-78.2691992,44.5487807],[-78.269168699999966,44.548777200000018],[-78.269145699999967,44.548777200000018],[-78.269107499999961,44.548769200000038],[-78.269100199999968,44.54873120000002],[-78.26909969999997,44.548697],[-78.269077,44.5486588],[-78.269054,44.548666200000014],[-78.2690237,44.5486778],[-78.2690007,44.548693],[-78.268985499999985,44.5487119],[-78.268962699999975,44.548719900000037],[-78.268932,44.548735],[-78.268894,44.548746700000038],[-78.268855699999961,44.548742800000014],[-78.268795,44.5486975],[-78.268802199999982,44.54867790000003],[-78.268802199999982,44.5486358],[-78.2688025,44.54860930000001],[-78.2688255,44.5485827],[-78.268833,44.5485559],[-78.268855699999961,44.548536800000022],[-78.268871199999978,44.548517700000048],[-78.2688862,44.5485023],[-78.2689092,44.5484758],[-78.268932,44.54845640000002],[-78.268962499999986,44.548441700000012],[-78.268985699999973,44.548433400000022],[-78.269016,44.548422800000026],[-78.269054199999971,44.548414800000046],[-78.269077,44.548414500000035],[-78.2691,44.548426300000017],[-78.269122699999969,44.548426300000017],[-78.269153499999959,44.548437800000045],[-78.269183699999985,44.54845640000002],[-78.269214499999975,44.548472],[-78.269237199999964,44.548483200000021],[-78.269260199999962,44.548490900000047],[-78.26929819999998,44.548495],[-78.2693215,44.5485028],[-78.269352,44.548502500000041],[-78.269374499999969,44.548495],[-78.269428,44.548487500000022],[-78.269466199999954,44.548487300000033],[-78.269489,44.5484793],[-78.269512,44.548498400000028],[-78.2694967,44.548544500000048],[-78.269481499999983,44.54855950000001],[-78.2694737,44.548586300000011],[-78.269458499999985,44.5486057],[-78.269443199999955,44.548624800000027],[-78.269428,44.548639800000046],[-78.2694052,44.5486472],[-78.2693822,44.548659],[-78.269344,44.548674300000016],[-78.269306,44.548681500000043],[-78.269260499999973,44.548708800000043],[-78.2692525,44.548727400000018],[-78.269237199999964,44.5487544],[-78.269222,44.548769400000026],[-78.2691992,44.5487807]]],[[[-78.220514499999979,44.55862970000004],[-78.220514499999979,44.558587500000044],[-78.2205295,44.558568500000035],[-78.2205525,44.558561],[-78.2205677,44.558541400000024],[-78.2205907,44.55852630000004],[-78.220621,44.558488300000022],[-78.220644,44.558461800000032],[-78.220674499999973,44.558426900000029],[-78.220712699999979,44.558419800000024],[-78.22072019999996,44.558400400000039],[-78.220728,44.5583737],[-78.220728,44.558339500000045],[-78.220743199999959,44.558320500000036],[-78.220766,44.558278800000039],[-78.220789,44.558266900000035],[-78.2208195,44.5582592],[-78.220857699999954,44.558251900000016],[-78.220895699999971,44.558251900000016],[-78.22091869999997,44.558256],[-78.2209947,44.558289800000011],[-78.221033199999965,44.558320700000024],[-78.221056,44.558347300000037],[-78.2210637,44.558385200000032],[-78.221071199999983,44.5584273],[-78.221109499999955,44.558511300000021],[-78.221117,44.558545800000047],[-78.22114,44.558564700000034],[-78.2211322,44.5585835],[-78.221101699999963,44.558591300000046],[-78.221078699999964,44.558591300000046],[-78.221040499999958,44.558591300000046],[-78.221018,44.558591300000046],[-78.220995,44.558587500000044],[-78.220957,44.5585873],[-78.22091869999997,44.558587500000044],[-78.2208882,44.558587500000044],[-78.2208652,44.558587700000032],[-78.220827,44.558595],[-78.220804499999986,44.558621900000048],[-78.2207737,44.558617800000036],[-78.220735499999989,44.55862970000004],[-78.220712699999979,44.558625800000016],[-78.220567499999959,44.55868670000001],[-78.2205295,44.558694400000036],[-78.220506699999987,44.55868670000001],[-78.220514499999979,44.55862970000004]]],[[[-78.174759399999971,44.526540400000044],[-78.1747211,44.5265364],[-78.1746981,44.5265364],[-78.174576,44.52646390000001],[-78.17456089999996,44.5264525],[-78.174538,44.526444700000013],[-78.1744999,44.52643340000003],[-78.174484599999971,44.526414100000011],[-78.17446149999995,44.526395],[-78.1744387,44.526387900000032],[-78.174423499999989,44.526368500000046],[-78.174415899999985,44.526341700000046],[-78.174415899999985,44.526322600000015],[-78.174408199999959,44.526303700000028],[-78.174400599999956,44.52617790000005],[-78.174400699999978,44.5261509],[-78.174415899999985,44.526124500000037],[-78.174423599999955,44.526109100000042],[-78.1744387,44.526090100000033],[-78.174469199999976,44.526055500000041],[-78.1744845,44.526029200000039],[-78.1745075,44.526021400000047],[-78.174545599999988,44.5260101],[-78.174583699999971,44.526013500000033],[-78.1746066,44.526014],[-78.1746296,44.5260139],[-78.1746599,44.526032900000018],[-78.174667599999964,44.526051700000039],[-78.1746829,44.526078900000016],[-78.1747057,44.526105200000018],[-78.174713399999973,44.5261241],[-78.1747287,44.5261514],[-78.1747287,44.526170400000012],[-78.17472859999998,44.5261969],[-78.174736399999972,44.526231],[-78.174743899999953,44.526250400000038],[-78.17475909999996,44.5262884],[-78.174782,44.5263152],[-78.174789899999951,44.526342],[-78.174805,44.5263607],[-78.174805099999958,44.526387700000043],[-78.1748126,44.52640660000003],[-78.174797399999989,44.52646],[-78.174797399999989,44.526487],[-78.174797399999989,44.5265134],[-78.174782,44.52652850000004],[-78.174759399999971,44.526540400000044]]],[[[-78.3440918,44.554834200000016],[-78.344191099999989,44.554811700000016],[-78.344305599999984,44.554822800000011],[-78.3443896,44.554868900000031],[-78.3444503,44.554941400000018],[-78.3444351,44.555032900000015],[-78.344381799999951,44.555101300000047],[-78.344267299999956,44.555109300000026],[-78.3441456,44.555097700000033],[-78.344015599999977,44.5550672],[-78.3438936,44.555055700000025],[-78.343779099999949,44.55503630000004],[-78.3437333,44.554979100000025],[-78.343786599999987,44.554937100000018],[-78.3439773,44.554876400000012],[-78.3440003,44.554868900000031],[-78.3440918,44.554834200000016]]],[[[-78.382948799999951,44.502150300000039],[-78.38308,44.502133600000036],[-78.383206799999982,44.50215490000005],[-78.383259299999963,44.50215780000002],[-78.383263,44.5022308],[-78.383280499999955,44.5022849],[-78.383236299999965,44.5023486],[-78.383201,44.5023999],[-78.383078499999954,44.502435700000035],[-78.3829778,44.502471100000037],[-78.382868499999972,44.50248780000004],[-78.38278379999997,44.5024871],[-78.382718,44.502459200000033],[-78.382698299999959,44.5023873],[-78.3827685,44.502316900000039],[-78.3828433,44.502239800000041],[-78.382887499999981,44.5021762],[-78.382948799999951,44.502150300000039]]],[[[-78.249453499999959,44.5496463],[-78.249468699999966,44.5496273],[-78.249491699999965,44.5496195],[-78.249507199999982,44.549600400000031],[-78.249545,44.5495924],[-78.2495682,44.54959290000005],[-78.2495985,44.549596800000018],[-78.249621499999989,44.549623],[-78.249629199999958,44.549642400000039],[-78.249743499999965,44.549634700000013],[-78.249766499999964,44.549634700000013],[-78.249797199999989,44.5496463],[-78.24980469999997,44.549664900000039],[-78.249827699999969,44.54969920000002],[-78.2498655,44.54971850000004],[-78.2498885,44.549737500000049],[-78.2499115,44.549756400000035],[-78.2499267,44.549810300000047],[-78.2499267,44.549837300000036],[-78.249911199999985,44.549856200000022],[-78.249896,44.549871200000041],[-78.249881,44.549890300000015],[-78.249865699999987,44.5499173],[-78.2498425,44.5499438],[-78.24982,44.549959],[-78.249789499999963,44.5499777],[-78.249766699999952,44.549985700000036],[-78.2497285,44.549985700000036],[-78.2497052,44.549985700000036],[-78.249675,44.549985500000048],[-78.249652,44.549966500000039],[-78.249629,44.549955300000022],[-78.249614,44.549936],[-78.249583199999961,44.549909300000024],[-78.249568,44.549890300000015],[-78.24953,44.549855700000023],[-78.249522499999955,44.549836800000037],[-78.249507,44.549817500000017],[-78.249499499999956,44.5497987],[-78.249431,44.549661800000024],[-78.249453499999959,44.5496463]]],[[[-78.2523225,44.548284700000011],[-78.2522995,44.548284200000012],[-78.2522765,44.548284200000012],[-78.252238499999976,44.548273],[-78.252215499999977,44.548273],[-78.252185,44.5482614],[-78.252154499999961,44.548254],[-78.252162199999987,44.548215500000026],[-78.252192499999978,44.548208],[-78.252215499999977,44.5482005],[-78.252253699999983,44.548192800000038],[-78.252276699999982,44.548185200000034],[-78.2523225,44.5481585],[-78.252360499999952,44.548139500000048],[-78.2524062,44.54812430000004],[-78.252444499999967,44.548105],[-78.252475,44.548097400000017],[-78.252513199999953,44.548097400000017],[-78.252536,44.54809],[-78.25257419999997,44.548082300000033],[-78.252612199999987,44.548074500000041],[-78.2526502,44.548074500000041],[-78.252673499999958,44.548059300000034],[-78.252711699999963,44.54804],[-78.252742,44.548032400000011],[-78.252780199999961,44.548032400000011],[-78.252803,44.548025],[-78.252841199999978,44.548025],[-78.2528792,44.54802890000002],[-78.252917699999955,44.548036500000023],[-78.252955699999973,44.5480478],[-78.2529937,44.54805570000002],[-78.253016699999989,44.54805540000001],[-78.2530625,44.548067300000014],[-78.2531007,44.548067300000014],[-78.253131,44.54807820000002],[-78.253154,44.548085900000046],[-78.253161699999964,44.548105],[-78.253177,44.54812430000004],[-78.2531922,44.548143400000015],[-78.253177,44.5481585],[-78.2531462,44.5481964],[-78.253123499999958,44.5482045],[-78.253070199999968,44.548204200000043],[-78.25304749999998,44.548211700000024],[-78.25302419999997,44.548211700000024],[-78.2529937,44.548200300000019],[-78.252948,44.548189200000024],[-78.2529252,44.5481815],[-78.252894499999968,44.54818130000001],[-78.2527725,44.5481699],[-78.252749699999981,44.548166300000048],[-78.252711699999963,44.548166],[-78.252681,44.548173800000029],[-78.252658199999985,44.548173800000029],[-78.252635199999986,44.54818130000001],[-78.252597,44.54818130000001],[-78.2525665,44.548188700000026],[-78.252559,44.5482083],[-78.252528499999983,44.548226900000031],[-78.252505499999984,44.548223300000018],[-78.252467199999955,44.548234900000011],[-78.252444499999967,44.548231],[-78.252414,44.5482308],[-78.252391,44.54825],[-78.252375699999959,44.548284200000012],[-78.2523225,44.548284700000011]]],[[[-78.3369052,44.50265870000004],[-78.3370425,44.502624300000036],[-78.337065199999984,44.502635400000031],[-78.337095699999963,44.502643400000011],[-78.337141499999973,44.502673800000025],[-78.337164499999972,44.5026815],[-78.337195,44.5026929],[-78.3372177,44.502700700000048],[-78.337225499999988,44.502719800000023],[-78.3372407,44.502746300000013],[-78.337225499999988,44.502826500000026],[-78.337218,44.502864400000021],[-78.337218,44.5029179],[-78.337218,44.502945],[-78.33718749999997,44.502978900000016],[-78.337179699999979,44.502997700000037],[-78.337149,44.5030054],[-78.337126499999954,44.503013400000043],[-78.337103499999955,44.503020900000024],[-78.337073199999963,44.5030324],[-78.3370347,44.5030284],[-78.3370117,44.503020700000036],[-78.336973699999987,44.502975200000037],[-78.336951,44.502956200000028],[-78.336928,44.5029179],[-78.336920499999962,44.502891200000022],[-78.3369052,44.502872],[-78.336897499999964,44.502845800000046],[-78.3368822,44.502826500000026],[-78.3368822,44.502799400000015],[-78.336874699999953,44.5027733],[-78.336874699999953,44.502739],[-78.336874499999965,44.502712],[-78.336889699999972,44.502673800000025],[-78.3369052,44.50265870000004]]],[[[-78.413996199999985,44.468849800000044],[-78.414072199999964,44.4688395],[-78.414117699999963,44.468843700000036],[-78.414208499999972,44.4688592],[-78.414258,44.468892900000014],[-78.414312699999982,44.468937400000016],[-78.414347,44.468978200000038],[-78.414336,44.469011200000011],[-78.414294499999983,44.469047500000045],[-78.4142425,44.469090900000026],[-78.414206499999977,44.4691128],[-78.414160199999969,44.4691343],[-78.414094499999976,44.4691373],[-78.414048699999967,44.469144300000039],[-78.4139477,44.469128500000011],[-78.4139227,44.46911730000005],[-78.413893499999972,44.46908030000003],[-78.413869,44.469054300000039],[-78.413859699999989,44.4690213],[-78.413876499999958,44.468966200000011],[-78.413897199999951,44.468940800000041],[-78.4139035,44.4689002],[-78.413939699999958,44.468875300000036],[-78.413996199999985,44.468849800000044]]],[[[-78.399748699999975,44.484569],[-78.399815,44.484555],[-78.3998552,44.484559200000035],[-78.39989,44.484585200000026],[-78.399929499999985,44.484625900000026],[-78.399928499999987,44.4846589],[-78.399902199999985,44.484691700000042],[-78.39985,44.484753800000021],[-78.3998292,44.484775400000046],[-78.399751699999968,44.484829900000022],[-78.399705,44.4848662],[-78.3996487,44.484887400000048],[-78.399567499999989,44.484894],[-78.39951149999996,44.4849044],[-78.399491,44.4849155],[-78.3994457,44.4849039],[-78.3994217,44.484855900000014],[-78.399453199999982,44.484816],[-78.399464,44.484786500000041],[-78.399485499999969,44.48474630000004],[-78.399522,44.4847062],[-78.399563199999989,44.4846847],[-78.399609699999985,44.484644800000012],[-78.3996717,44.484605],[-78.399748699999975,44.484569]]],[[[-78.231073699999968,44.558159900000021],[-78.231089,44.5581338],[-78.231127,44.558122],[-78.231226199999981,44.558126],[-78.231249199999979,44.558126],[-78.231272,44.558137400000021],[-78.23130249999997,44.558137400000021],[-78.231363699999974,44.558164300000044],[-78.231371199999955,44.5581833],[-78.231386499999985,44.558202400000027],[-78.231394199999954,44.558221200000048],[-78.231409499999984,44.558248],[-78.231417,44.558267400000034],[-78.231432499999983,44.558301200000017],[-78.23144,44.558320700000024],[-78.231455199999971,44.558339500000045],[-78.231462699999952,44.55835890000003],[-78.2314935,44.558385700000031],[-78.2315165,44.5584048],[-78.231524,44.558423400000038],[-78.231539199999986,44.558450200000038],[-78.231546699999967,44.558476900000016],[-78.231546699999967,44.558511300000021],[-78.231485499999962,44.558511300000021],[-78.231455199999971,44.558511300000021],[-78.2314245,44.5585074],[-78.231386699999973,44.5585],[-78.231356,44.55848850000001],[-78.2313332,44.558480700000018],[-78.23131049999995,44.558461800000032],[-78.231272199999978,44.558442400000047],[-78.2312647,44.558423700000048],[-78.231249199999979,44.558377900000039],[-78.2312265,44.558343800000046],[-78.231203199999982,44.558324],[-78.2311805,44.558305],[-78.231142499999976,44.5582784],[-78.231119499999977,44.5582483],[-78.231096699999966,44.558232500000031],[-78.231081499999959,44.5582139],[-78.231074,44.558194400000048],[-78.231073699999968,44.558159900000021]]],[[[-78.512941499999954,44.537805],[-78.513064199999974,44.537800900000036],[-78.513221699999974,44.5378412],[-78.513291,44.53792930000003],[-78.5132112,44.538011800000049],[-78.513132199999973,44.538030900000024],[-78.512969,44.5380503],[-78.512869,44.538048300000014],[-78.51277719999996,44.538007700000037],[-78.512787,44.5379163],[-78.512941499999954,44.537805]]],[[[-78.406326699999966,44.57379370000001],[-78.4064032,44.5737595],[-78.406418499999972,44.573824300000012],[-78.406388,44.5739388],[-78.406327,44.574056900000016],[-78.4062887,44.574125700000025],[-78.406204699999989,44.5742593],[-78.406143699999973,44.574320200000045],[-78.406067499999949,44.5743013],[-78.406029199999978,44.5742095],[-78.406075,44.574095],[-78.406105499999967,44.574060700000018],[-78.406197199999951,44.573946300000046],[-78.4062657,44.573866],[-78.406326699999966,44.57379370000001]]],[[[-78.241671199999985,44.5517552],[-78.241641,44.551751800000034],[-78.241610199999968,44.551752300000032],[-78.241572,44.551744],[-78.241564499999981,44.551652500000046],[-78.241572,44.551598900000045],[-78.24157219999995,44.55157250000002],[-78.24158749999998,44.551553500000011],[-78.241610199999968,44.551518900000019],[-78.2416485,44.5515193],[-78.2416715,44.551518900000019],[-78.241709499999956,44.551518900000019],[-78.24174,44.5515115],[-78.241763,44.55151120000005],[-78.24178569999998,44.55151120000005],[-78.241824,44.551504],[-78.241923199999974,44.551526500000023],[-78.2419385,44.551545800000042],[-78.2419612,44.551553500000011],[-78.241976499999964,44.551572300000032],[-78.241999499999963,44.55158],[-78.242045499999961,44.551610800000049],[-78.2420682,44.5516298],[-78.2420985,44.55164480000002],[-78.242091,44.551683300000036],[-78.2420682,44.5517175],[-78.242037699999969,44.551725200000021],[-78.24201469999997,44.551725200000021],[-78.241976499999964,44.551706200000012],[-78.241946199999973,44.551686800000027],[-78.2419155,44.551679300000046],[-78.2418927,44.551679300000046],[-78.241854499999988,44.551675200000034],[-78.241831699999977,44.551686800000027],[-78.2418012,44.5516943],[-78.241778,44.551709800000026],[-78.2417552,44.551728800000035],[-78.24174,44.551747700000021],[-78.241709499999956,44.551755400000047],[-78.241671199999985,44.5517552]]],[[[-78.403923499999962,44.57795040000002],[-78.403970499999957,44.5779245],[-78.404007699999966,44.577927500000044],[-78.404008699999963,44.57797],[-78.404001199999982,44.5780115],[-78.403973,44.578075],[-78.403934699999979,44.5781513],[-78.40390119999995,44.57821290000004],[-78.403851199999963,44.57830580000001],[-78.4038122,44.578388500000017],[-78.403767,44.578466400000025],[-78.403716699999961,44.578526300000021],[-78.4036797,44.5785727],[-78.4036145,44.578610300000037],[-78.403621499999986,44.578519500000027],[-78.403636,44.578459800000019],[-78.403652499999964,44.578412500000013],[-78.403687199999979,44.578337200000021],[-78.403715699999964,44.578290300000049],[-78.403735199999971,44.578248500000029],[-78.403770499999951,44.5781503],[-78.403798,44.578060500000049],[-78.4038582,44.57798820000005],[-78.403923499999962,44.57795040000002]]],[[[-78.238062499999955,44.554429800000037],[-78.2380397,44.554422],[-78.237848699999972,44.554425800000047],[-78.237810699999955,44.554425500000036],[-78.237787699999956,44.554414400000041],[-78.2377725,44.554395200000044],[-78.2377727,44.554360700000018],[-78.237787699999956,44.554341800000032],[-78.237810699999955,44.5543265],[-78.23791749999998,44.554246400000011],[-78.2379482,44.554227500000025],[-78.237971,44.554212300000017],[-78.238009,44.5542044],[-78.238032,44.554196900000022],[-78.238062499999955,44.554177800000048],[-78.238085499999954,44.554178],[-78.2381082,44.55417030000001],[-78.238161699999978,44.55417030000001],[-78.238184699999977,44.5541814],[-78.238207499999987,44.5541819],[-78.238238,44.554189400000041],[-78.2382457,44.554208500000016],[-78.2382685,44.554227500000025],[-78.2382685,44.5542658],[-78.2382685,44.5543],[-78.238253199999974,44.554319],[-78.238238,44.55433430000005],[-78.238215199999956,44.554361200000017],[-78.238192499999968,44.554379900000015],[-78.238161699999978,44.554395200000044],[-78.238146499999971,44.554414400000041],[-78.238108499999953,44.554422200000033],[-78.238085499999954,44.5544294],[-78.238062499999955,44.554429800000037]]],[[[-78.269573,44.54753],[-78.2695425,44.547510400000021],[-78.269519699999989,44.547499500000015],[-78.269481499999983,44.547499500000015],[-78.269458699999973,44.547499],[-78.269435699999974,44.547487700000033],[-78.269412699999975,44.54748],[-78.269458499999985,44.54743430000002],[-78.269489,44.547426500000029],[-78.269512,44.5474193],[-78.2695425,44.5473925],[-78.26955,44.547372900000028],[-78.269588199999987,44.5473579],[-78.269618699999967,44.547358300000042],[-78.269641699999966,44.547350200000039],[-78.269679699999983,44.547350200000039],[-78.269718,44.547343],[-78.269741,44.547323800000015],[-78.269779,44.5472967],[-78.269794199999978,44.547281700000042],[-78.269825,44.5472628],[-78.269847699999957,44.547228500000017],[-78.269901,44.547228500000017],[-78.269939199999953,44.547231900000043],[-78.269962,44.547258900000031],[-78.269931499999984,44.5472858],[-78.269908699999974,44.547320300000024],[-78.269931699999972,44.5473389],[-78.269954499999983,44.547346900000036],[-78.2699697,44.547365500000012],[-78.269939499999964,44.547400300000049],[-78.269931499999984,44.547419],[-78.269885699999975,44.547445400000015],[-78.2698782,44.547465],[-78.269863,44.54748],[-78.269847699999957,44.547499],[-78.269824699999958,44.547507],[-78.269794499999989,44.547514700000022],[-78.2697637,44.547514500000034],[-78.269733199999962,44.547514700000022],[-78.269695,44.547529700000041],[-78.2696722,44.547541300000034],[-78.269641499999977,44.547548800000015],[-78.269618699999967,44.547549],[-78.269596,44.547537200000022],[-78.269573,44.54753]]],[[[-78.4047857,44.57653270000003],[-78.404823699999952,44.576399300000048],[-78.404900199999986,44.576410400000043],[-78.4049,44.576498300000026],[-78.404854199999988,44.576623900000016],[-78.4047857,44.5767768],[-78.404732499999966,44.576883800000019],[-78.404686499999968,44.576978900000029],[-78.40461769999996,44.5770592],[-78.404572,44.577120200000024],[-78.4045185,44.5771009],[-78.4045185,44.577028400000017],[-78.4045645,44.576941],[-78.404579499999954,44.5768605],[-78.40466349999997,44.576761300000044],[-78.404724499999986,44.576646900000014],[-78.4047857,44.57653270000003]]],[[[-78.384804,44.469832200000042],[-78.384826699999962,44.469832],[-78.384849699999961,44.4698358],[-78.38488,44.469843500000025],[-78.384910699999978,44.46985490000003],[-78.3849257,44.469870300000025],[-78.3849487,44.469889200000011],[-78.384964,44.469908500000031],[-78.3849717,44.46992750000004],[-78.384986699999956,44.4699539],[-78.384987199999955,44.469981],[-78.3849947,44.469999800000039],[-78.384956499999987,44.470087400000011],[-78.384926,44.470114500000022],[-78.384910699999978,44.470133500000031],[-78.384887699999979,44.470140800000024],[-78.384865,44.4701488],[-78.384827,44.4701488],[-78.384788499999956,44.4701488],[-78.3847657,44.470149],[-78.384735199999966,44.4701374],[-78.384712199999967,44.470117900000048],[-78.384689499999979,44.470110700000021],[-78.384681699999987,44.469972900000016],[-78.384681699999987,44.469946700000037],[-78.384674199999949,44.4699273],[-78.384659,44.4699005],[-78.384651199999951,44.469866500000023],[-78.384674,44.4698472],[-78.384712499999978,44.469839900000011],[-78.384743,44.469832200000042],[-78.3847657,44.469832200000042],[-78.384804,44.469832200000042]]],[[[-78.273288499999978,44.554656],[-78.2732962,44.5546215],[-78.273304,44.554602200000033],[-78.273319,44.554587200000014],[-78.273334199999965,44.5545682],[-78.273357199999964,44.554549],[-78.2733877,44.554533900000024],[-78.2733955,44.554514500000039],[-78.2734107,44.55449950000002],[-78.273441,44.554488],[-78.27344869999996,44.5544463],[-78.2734562,44.554426700000022],[-78.273471699999959,44.554327900000033],[-78.27349449999997,44.554327700000044],[-78.273517499999969,44.554327700000044],[-78.273548,44.554339200000015],[-78.273555699999974,44.554358],[-78.273571,44.554377200000033],[-78.2735937,44.554385200000013],[-78.273632,44.554385200000013],[-78.27367,44.554388500000016],[-78.273693,44.554389],[-78.273715699999968,44.554389],[-78.273754,44.554389],[-78.2737922,44.554389],[-78.273807499999975,44.554407800000035],[-78.273777,44.55444250000005],[-78.273754,44.554461400000037],[-78.273731199999986,44.5544767],[-78.273700699999949,44.554487700000038],[-78.273685199999989,44.55450350000001],[-78.2736625,44.55453],[-78.2736395,44.554549300000019],[-78.273624199999972,44.554564300000038],[-78.273609,44.554583400000013],[-78.2735937,44.554610300000036],[-78.273578499999985,44.554629300000045],[-78.273555699999974,44.554629300000045],[-78.273509699999977,44.55462540000002],[-78.273479499999951,44.554625200000032],[-78.273456499999952,44.554632700000013],[-78.273418199999981,44.554640400000039],[-78.273380199999963,44.55466750000005],[-78.273342,44.554686800000013],[-78.273304,44.554674700000021],[-78.273288499999978,44.554656]]],[[[-78.413620899999955,44.5722945],[-78.4136744,44.572286800000029],[-78.4137202,44.5723327],[-78.41373539999995,44.5723974],[-78.4137202,44.572485],[-78.413689699999964,44.572546200000033],[-78.413621199999966,44.572626400000047],[-78.4135599,44.572672300000022],[-78.413483699999972,44.57266820000001],[-78.4134072,44.57263],[-78.4133617,44.572568900000022],[-78.4133539,44.5725117],[-78.413414899999964,44.5724702],[-78.413514199999952,44.572454700000037],[-78.413598199999967,44.5723673],[-78.413620899999955,44.5722945]]],[[[-78.3987431,44.487331800000049],[-78.3987204,44.487327900000025],[-78.3986974,44.487328100000013],[-78.398659099999975,44.487320100000034],[-78.398636399999987,44.487309],[-78.398621099999957,44.487289800000042],[-78.398659099999975,44.4872555],[-78.398689899999965,44.487247800000034],[-78.398712599999953,44.4872403],[-78.398728099999971,44.4872216],[-78.398750899999982,44.487213600000018],[-78.398781399999962,44.487187100000028],[-78.39880409999995,44.4871678],[-78.398819399999979,44.487152800000047],[-78.3988271,44.487133300000039],[-78.398857599999985,44.4871258],[-78.398880599999984,44.487118600000031],[-78.3989034,44.4871109],[-78.3989416,44.4871109],[-78.39897209999998,44.487110500000028],[-78.3990101,44.487110500000028],[-78.3990331,44.487103100000013],[-78.399055899999951,44.4871109],[-78.399094099999957,44.487122100000022],[-78.399116899999967,44.487133300000039],[-78.399132399999985,44.487148500000046],[-78.399139899999966,44.4871946],[-78.399132399999985,44.487213900000029],[-78.399117099999955,44.48724],[-78.3991016,44.487259],[-78.399078899999949,44.4872671],[-78.39904839999997,44.487282],[-78.3990101,44.48729],[-78.398987399999953,44.487301300000013],[-78.398964399999954,44.487308900000016],[-78.398926099999983,44.487316800000031],[-78.398895899999957,44.487324400000034],[-78.398872899999958,44.487331800000049],[-78.3988349,44.487331800000049],[-78.3988119,44.487331800000049],[-78.398773899999981,44.4873321],[-78.3987431,44.487331800000049]]],[[[-78.265186,44.55811940000001],[-78.265163,44.558107800000016],[-78.265163,44.558073200000024],[-78.26517819999998,44.558054200000015],[-78.2651785,44.55802],[-78.26517819999998,44.5579935],[-78.26517819999998,44.557963200000017],[-78.26517819999998,44.5579363],[-78.26517819999998,44.557901800000025],[-78.265216499999951,44.557894800000042],[-78.265254499999969,44.557894],[-78.265285,44.5578865],[-78.265323199999955,44.55786020000005],[-78.265346199999954,44.557852500000024],[-78.265384199999971,44.5578178],[-78.265414699999951,44.557806700000015],[-78.265453,44.5578102],[-78.265475699999968,44.5578107],[-78.265491,44.557790900000043],[-78.265514,44.557791400000042],[-78.265552,44.557783700000016],[-78.265575,44.5577955],[-78.265590199999963,44.557814300000018],[-78.265590199999963,44.557841200000041],[-78.2655825,44.557875],[-78.26556,44.557894500000032],[-78.265544499999976,44.557921300000032],[-78.2655292,44.5579363],[-78.265521499999977,44.557955700000036],[-78.265491,44.5579707],[-78.265468199999987,44.557981900000016],[-78.2654455,44.55799],[-78.265414699999951,44.5579897],[-78.265391699999952,44.5579897],[-78.2653535,44.55798580000004],[-78.2653307,44.55798580000004],[-78.265300499999967,44.558004700000026],[-78.265300499999967,44.558031800000037],[-78.265315499999986,44.558051],[-78.265338499999984,44.558038900000042],[-78.265361499999983,44.558058],[-78.265361499999983,44.5581042],[-78.265323199999955,44.5581042],[-78.265300199999956,44.55811170000004],[-78.2652622,44.55811140000003],[-78.26523149999997,44.558111900000029],[-78.26520869999996,44.558108],[-78.265186,44.55811940000001]]],[[[-78.2118165,44.555356400000051],[-78.211793699999987,44.555348700000025],[-78.211755499999981,44.555348700000025],[-78.211717199999953,44.5553375],[-78.211694499999965,44.555329800000038],[-78.2116562,44.555299200000036],[-78.211618199999975,44.555272800000012],[-78.211618,44.555245800000023],[-78.2116102,44.555226700000048],[-78.211625699999956,44.555180800000016],[-78.211625699999956,44.555154300000027],[-78.211648699999955,44.555146200000024],[-78.2116792,44.5551203],[-78.211763,44.5551049],[-78.2117935,44.5551044],[-78.211824,44.5551049],[-78.211854499999959,44.5551165],[-78.211877499999957,44.555123500000036],[-78.211885,44.555142900000021],[-78.211915699999963,44.555154300000027],[-78.211938699999962,44.555181],[-78.211946,44.555199900000048],[-78.211961199999962,44.555227],[-78.211969,44.555246],[-78.211984199999961,44.555264800000032],[-78.211984199999961,44.555306700000017],[-78.211954,44.5553448],[-78.211931,44.555352800000037],[-78.211892699999964,44.555352800000037],[-78.2118395,44.5553605],[-78.2118165,44.555356400000051]]],[[[-78.270984399999975,44.553114500000049],[-78.270999599999982,44.5530804],[-78.2710376,44.553080500000021],[-78.271075899999971,44.5530726],[-78.271075899999971,44.553038300000026],[-78.271091099999978,44.553019400000039],[-78.271259099999952,44.55294310000005],[-78.271281899999963,44.552935600000012],[-78.27131989999998,44.552935600000012],[-78.271342899999979,44.5529548],[-78.271358099999986,44.552973300000019],[-78.2713506,44.553007800000046],[-78.271365899999978,44.5530271],[-78.271365899999978,44.553061500000013],[-78.271388599999966,44.553080500000021],[-78.271373399999959,44.553126100000043],[-78.2713354,44.553153],[-78.271304599999951,44.5531679],[-78.271281899999963,44.553187],[-78.271258899999964,44.553194500000018],[-78.2712209,44.5532023],[-78.271190399999966,44.5532028],[-78.271167399999968,44.55321],[-78.271144599999957,44.553217500000017],[-78.271106399999951,44.55321],[-78.2710684,44.553183100000012],[-78.2710454,44.553179400000033],[-78.2710146,44.55317180000003],[-78.270991899999956,44.553160500000047],[-78.2709921,44.553133600000024],[-78.270984399999975,44.553114500000049]]],[[[-78.254710499999987,44.5459535],[-78.254687499999989,44.545945800000027],[-78.25468,44.545873500000027],[-78.254657,44.545854500000019],[-78.254642,44.5458352],[-78.254649499999971,44.545793200000048],[-78.2546572,44.5457475],[-78.254672199999959,44.5457212],[-78.254687499999989,44.545701400000041],[-78.2547257,44.545694200000014],[-78.2547485,44.545694200000014],[-78.254786699999954,44.5457055],[-78.2548172,44.545705700000042],[-78.254847699999971,44.545717300000035],[-78.254878199999951,44.545724800000016],[-78.254901199999949,44.545736200000022],[-78.254924,44.545755],[-78.254947,44.545782],[-78.254962199999966,44.545801200000028],[-78.254985199999965,44.5458274],[-78.2549927,44.545873500000027],[-78.2549775,44.545907700000043],[-78.2549697,44.54592690000004],[-78.254939499999978,44.545934700000032],[-78.254916499999979,44.545949900000039],[-78.254893699999968,44.54595020000005],[-78.254863199999988,44.5459497],[-78.2548402,44.545949900000039],[-78.2548175,44.545949900000039],[-78.254779199999973,44.545957200000032],[-78.254741,44.545957200000032],[-78.254710499999987,44.5459535]]],[[[-78.418603499999961,44.355687200000034],[-78.418528499999979,44.355668200000025],[-78.418489199999954,44.3556423],[-78.418440199999964,44.355601300000046],[-78.418376199999955,44.3555528],[-78.418327499999975,44.355508500000042],[-78.418298199999981,44.355475],[-78.418278499999985,44.355429300000026],[-78.4183352,44.3554234],[-78.4183847,44.355446],[-78.418434199999979,44.3554722],[-78.418499199999985,44.355491200000017],[-78.418554499999971,44.355487900000014],[-78.4186052,44.355480900000032],[-78.4186502,44.355485],[-78.418690199999958,44.355503700000042],[-78.4187187,44.3555518],[-78.418727699999977,44.355589],[-78.4187622,44.355607500000019],[-78.418801199999962,44.3556519],[-78.418785,44.3556777],[-78.418724699999984,44.3556772],[-78.418669,44.355691500000034],[-78.418603499999961,44.355687200000034]]],[[[-78.236436699999956,44.558956500000022],[-78.236406499999987,44.558930800000041],[-78.236386699999969,44.558898],[-78.236407699999972,44.558865500000024],[-78.236433499999976,44.558851200000049],[-78.23648449999996,44.558833500000048],[-78.236546,44.558816],[-78.2365767,44.558798],[-78.236623,44.558784],[-78.2366687,44.5587769],[-78.236735,44.5587815],[-78.236775699999953,44.558785200000045],[-78.236816499999975,44.5587893],[-78.236851699999988,44.558797],[-78.236912199999949,44.558826400000044],[-78.236881199999971,44.558869800000025],[-78.236845,44.558902200000034],[-78.236803499999951,44.5589344],[-78.236773,44.5589488],[-78.236727,44.558955500000025],[-78.236686199999951,44.558948],[-78.2366457,44.558940300000017],[-78.236584199999982,44.5589577],[-78.236548499999969,44.5589612],[-78.23650269999996,44.5589718],[-78.23646169999995,44.55897490000001],[-78.236436699999956,44.558956500000022]]],[[[-78.388557699999978,44.49100530000004],[-78.388535,44.490993400000036],[-78.388512,44.490993800000012],[-78.388473699999963,44.490986],[-78.388451,44.490974700000038],[-78.3884127,44.4909667],[-78.388382199999967,44.4909553],[-78.388344,44.4909553],[-78.38832119999995,44.490944300000024],[-78.388283,44.490936300000044],[-78.3882602,44.490925200000049],[-78.388222,44.490917200000013],[-78.388183699999956,44.490913300000045],[-78.3881915,44.490871500000026],[-78.3882145,44.490871500000026],[-78.3882372,44.490871300000038],[-78.3882602,44.490871800000036],[-78.388298199999952,44.490871800000036],[-78.38833649999998,44.4908638],[-78.3883745,44.4908638],[-78.388405199999966,44.490867900000012],[-78.388443199999983,44.490867900000012],[-78.3884665,44.490859900000032],[-78.388504499999954,44.490833400000042],[-78.3885272,44.4908254],[-78.388557699999978,44.4908145],[-78.388580499999989,44.490814300000011],[-78.388603699999976,44.490818200000035],[-78.3886417,44.4908254],[-78.3886645,44.490837200000044],[-78.388695199999972,44.490844800000048],[-78.388702699999953,44.4908638],[-78.388725699999952,44.490890400000012],[-78.388741,44.4909553],[-78.3887332,44.490974700000038],[-78.3887335,44.49100930000003],[-78.388725499999964,44.49102780000004],[-78.388695199999972,44.49103550000001],[-78.388672199999974,44.49103550000001],[-78.388634,44.491024200000027],[-78.388596,44.491012500000011],[-78.388557699999978,44.49100530000004]]],[[[-78.24498269999998,44.550962500000026],[-78.244959699999981,44.550958400000013],[-78.244921699999963,44.550958400000013],[-78.244898699999965,44.550950700000044],[-78.2448607,44.5509394],[-78.2448377,44.550931700000035],[-78.244814699999949,44.55092],[-78.24478419999997,44.5509012],[-78.244761199999971,44.5508934],[-78.244754,44.5508744],[-78.2447535,44.550836200000049],[-78.244776699999989,44.5508097],[-78.244792,44.550794400000029],[-78.244830199999967,44.5507677],[-78.244860499999959,44.5507599],[-78.244891,44.550760200000013],[-78.244921699999963,44.5507599],[-78.244959699999981,44.5507599],[-78.2450207,44.550771200000042],[-78.245059,44.550771200000042],[-78.245097,44.550775200000032],[-78.24512,44.5508284],[-78.245127499999967,44.550847500000032],[-78.245142699999974,44.55089380000004],[-78.245127499999967,44.550928],[-78.2451125,44.550947],[-78.2450897,44.5509543],[-78.245059,44.550962],[-78.245036,44.550962],[-78.24498269999998,44.550962500000026]]],[[[-78.386909799999955,44.4840542],[-78.386947799999973,44.48404290000002],[-78.386971099999982,44.484046700000022],[-78.386993799999971,44.484046700000022],[-78.38702429999995,44.4840542],[-78.387047099999961,44.4840653],[-78.3870928,44.484072800000035],[-78.3871236,44.4840924],[-78.387131099999976,44.484111200000029],[-78.3871158,44.484130200000038],[-78.387077799999986,44.484153400000025],[-78.387054799999987,44.484172600000022],[-78.387039299999969,44.484191600000031],[-78.387016599999981,44.4842069],[-78.3869861,44.484225900000013],[-78.3869633,44.4842602],[-78.386932799999954,44.484287100000017],[-78.386925099999985,44.484305900000038],[-78.386909799999955,44.484320800000035],[-78.3868946,44.4843404],[-78.3868718,44.484359200000029],[-78.38684109999997,44.4843669],[-78.386818099999971,44.4843669],[-78.3868106,44.4843361],[-78.3868106,44.484294700000021],[-78.386787799999979,44.484248700000023],[-78.386772599999972,44.484229800000037],[-78.386772599999972,44.484191600000031],[-78.386803099999952,44.484149700000046],[-78.386833599999989,44.484114800000043],[-78.38684109999997,44.484088400000019],[-78.386856299999977,44.48406940000001],[-78.386879299999976,44.484061900000029],[-78.386909799999955,44.4840542]]],[[[-78.238230499999986,44.557999900000027],[-78.238184499999988,44.557935500000042],[-78.238161699999978,44.5579358],[-78.238138699999979,44.557916400000011],[-78.2381082,44.55790490000004],[-78.2380852,44.5578863],[-78.2380475,44.557878],[-78.238047199999983,44.557839900000033],[-78.238062499999955,44.557824700000026],[-78.23809319999998,44.557806],[-78.2381312,44.5577902],[-78.23816949999997,44.5577829],[-78.238192199999958,44.5577715],[-78.238215,44.557775400000025],[-78.2382685,44.557767800000022],[-78.2382915,44.557767800000022],[-78.238322,44.55776],[-78.238344699999971,44.557748700000047],[-78.238367699999969,44.557767800000022],[-78.23837519999995,44.557821],[-78.238383,44.557920300000035],[-78.238382699999988,44.557950800000015],[-78.238398,44.557985300000041],[-78.238367699999969,44.558003900000017],[-78.238329499999963,44.5580119],[-78.2382915,44.558008],[-78.238253199999974,44.558007700000019],[-78.238230499999986,44.557999900000027]]],[[[-78.48520069999995,44.536314200000049],[-78.485332199999959,44.536297700000034],[-78.485349499999984,44.536335400000041],[-78.485371499999985,44.53637690000005],[-78.485384,44.5364257],[-78.485309499999971,44.536468400000047],[-78.485216,44.536509700000011],[-78.485058,44.5365327],[-78.485015699999963,44.536507200000017],[-78.484993,44.536469900000043],[-78.485081699999967,44.536374800000033],[-78.48520069999995,44.536314200000049]]],[[[-78.405899499999975,44.5744153],[-78.405976,44.574335500000018],[-78.406052199999976,44.5743809],[-78.406036699999959,44.574491800000033],[-78.40599119999996,44.5745718],[-78.405937699999981,44.574621300000047],[-78.4058842,44.5747397],[-78.405830699999967,44.5748084],[-78.40577,44.574827800000037],[-78.405747,44.5747705],[-78.4058005,44.574682700000039],[-78.405838499999959,44.574621300000047],[-78.405869,44.574575400000015],[-78.4058842,44.574468700000011],[-78.405899499999975,44.5744153]]],[[[-78.380218,44.573503800000026],[-78.380134,44.5734923],[-78.380057699999952,44.5735],[-78.3799967,44.573473200000024],[-78.3799737,44.573427800000047],[-78.379958499999987,44.573381900000015],[-78.379989,44.573308900000029],[-78.38005,44.573313],[-78.380187499999977,44.573332500000049],[-78.3802485,44.573351400000035],[-78.380286499999954,44.573397],[-78.38029419999998,44.573450200000025],[-78.380256,44.573503800000026],[-78.380218,44.573503800000026]]],[[[-78.295780699999966,44.5579113],[-78.2958572,44.557896],[-78.2959027,44.557914900000014],[-78.2959257,44.557960500000036],[-78.2959487,44.558006500000033],[-78.295986699999958,44.55806],[-78.295971499999951,44.558105500000011],[-78.29591819999996,44.5581209],[-78.295872499999973,44.558094200000028],[-78.295819,44.55806750000005],[-78.295735,44.558056],[-78.295597699999973,44.5580448],[-78.295613,44.5579988],[-78.2956357,44.557979400000022],[-78.29568919999997,44.557956400000023],[-78.295780699999966,44.5579113]]],[[[-78.324704699999984,44.559747900000048],[-78.324758199999962,44.559747400000049],[-78.324842,44.5597783],[-78.324842199999978,44.559831700000018],[-78.3247735,44.5598584],[-78.3246742,44.5598809],[-78.32460569999995,44.559907900000042],[-78.324529499999983,44.55995],[-78.324468199999956,44.55995],[-78.3244302,44.5599229],[-78.324437699999976,44.55985830000003],[-78.324460699999975,44.5598243],[-78.324552199999971,44.559797400000036],[-78.324643699999967,44.559763300000043],[-78.324704699999984,44.559747900000048]]],[[[-78.367388,44.524634700000036],[-78.3674972,44.524633900000026],[-78.3675715,44.524668500000018],[-78.3675227,44.524754800000039],[-78.367396199999973,44.52481],[-78.367290699999955,44.524806900000044],[-78.367251499999952,44.524785],[-78.367216699999972,44.5247407],[-78.36722119999996,44.524702500000046],[-78.367265199999963,44.524670500000013],[-78.367388,44.524634700000036]]],[[[-78.325812499999984,44.557362],[-78.32574569999997,44.557321900000034],[-78.325743199999977,44.557276300000012],[-78.32574,44.557246],[-78.32576819999997,44.557234],[-78.325816,44.55722830000002],[-78.325896699999987,44.557203300000026],[-78.326013699999976,44.557221800000036],[-78.326049499999954,44.5572545],[-78.3260755,44.557290800000033],[-78.3260962,44.557348500000046],[-78.326067499999965,44.557342300000016],[-78.326042699999959,44.557338900000047],[-78.326017,44.557346400000029],[-78.3259797,44.557359],[-78.325914,44.5573733],[-78.325812499999984,44.557362]]],[[[-78.2510107,44.5519099],[-78.251082199999985,44.551895900000034],[-78.251128199999982,44.55189630000001],[-78.251178699999969,44.5519112],[-78.2512137,44.5519552],[-78.251203,44.551984200000049],[-78.2511467,44.552008900000033],[-78.251090199999965,44.5520305],[-78.251029,44.552048],[-78.250983,44.5520548],[-78.250886199999968,44.552057500000046],[-78.25083,44.55206430000004],[-78.250797499999976,44.552035400000022],[-78.250816199999974,44.551991500000042],[-78.2508775,44.5519668],[-78.2508982,44.551956],[-78.25094919999998,44.551952700000015],[-78.2510107,44.5519099]]],[[[-78.269258699999966,44.549809500000038],[-78.269282499999974,44.549742800000047],[-78.269348199999968,44.549721500000032],[-78.269419199999959,44.549714400000028],[-78.269515499999954,44.549711300000013],[-78.269581499999958,44.549697300000048],[-78.269657699999982,44.549712],[-78.269739,44.549715900000024],[-78.2697897,44.549734200000046],[-78.269785,44.549759400000028],[-78.269709199999966,44.549784700000032],[-78.269633199999987,44.5497987],[-78.2695015,44.549808900000016],[-78.26941,44.549804900000026],[-78.269308499999966,44.54980450000005],[-78.269258699999966,44.549809500000038]]],[[[-78.247782699999959,44.547643400000027],[-78.247729199999981,44.547551700000042],[-78.247752199999979,44.547525300000018],[-78.247782699999959,44.547498500000017],[-78.2477902,44.547479400000043],[-78.247821,44.5474719],[-78.247859,44.547456300000022],[-78.247897199999954,44.547456300000022],[-78.24792,44.547468],[-78.247958199999971,44.547487200000035],[-78.2479965,44.547513700000025],[-78.248019199999987,44.5475328],[-78.248042199999986,44.547551700000042],[-78.248088,44.547570800000017],[-78.2481032,44.547598],[-78.248118499999975,44.5476165],[-78.2481032,44.547632300000032],[-78.248072699999966,44.547639800000013],[-78.248049699999967,44.547632],[-78.248042,44.547613],[-78.24801169999995,44.54759370000005],[-78.247988699999951,44.547593900000038],[-78.2479277,44.54759370000005],[-78.2479047,44.54759],[-78.247874199999956,44.5476089],[-78.247859,44.547628],[-78.247821,44.547643400000027],[-78.247782699999959,44.547643400000027]]],[[[-78.290501099999972,44.5598407],[-78.290462899999966,44.559837300000027],[-78.290440099999955,44.559837400000049],[-78.290417199999979,44.5598296],[-78.290379,44.559818300000018],[-78.2903485,44.559810200000015],[-78.29032559999996,44.559799100000021],[-78.290318,44.559780100000012],[-78.290279899999973,44.559780100000012],[-78.2902494,44.559779900000024],[-78.290226299999972,44.55978],[-78.290188199999989,44.559787800000038],[-78.290165399999978,44.559787300000039],[-78.2901655,44.559677100000044],[-78.290203599999984,44.55966920000003],[-78.290234099999964,44.559669500000041],[-78.290256799999952,44.5596615],[-78.290279899999973,44.559661400000039],[-78.290310399999953,44.559661600000027],[-78.290333299999986,44.5596734],[-78.2903561,44.5596845],[-78.290379,44.5596923],[-78.290409399999987,44.559719],[-78.290417199999979,44.559737900000016],[-78.290440099999955,44.559749600000032],[-78.290478299999961,44.559757],[-78.290501099999972,44.5597687],[-78.290531699999974,44.559776200000044],[-78.290554499999985,44.5597874],[-78.290554499999985,44.55981440000005],[-78.29055459999995,44.5598296],[-78.290523899999982,44.559841200000051],[-78.290501099999972,44.5598407]]],[[[-78.23989,44.558003900000017],[-78.2399365,44.557996200000048],[-78.2399575,44.557997700000044],[-78.239992499999971,44.5580258],[-78.2399772,44.558068],[-78.239947699999959,44.558095200000025],[-78.239918699999976,44.558110900000031],[-78.239887499999952,44.558141800000044],[-78.23983869999995,44.558164300000044],[-78.239809699999967,44.5581684],[-78.239761199999975,44.558179400000029],[-78.2397355,44.558188500000028],[-78.239701199999956,44.55821480000003],[-78.239675499999976,44.5582119],[-78.23964049999995,44.558195800000021],[-78.239641,44.5581727],[-78.2396445,44.558142800000041],[-78.239692,44.55808920000004],[-78.2397052,44.558073200000024],[-78.239729499999953,44.5580678],[-78.239756699999987,44.558067],[-78.239779699999985,44.5580534],[-78.239812,44.558042300000011],[-78.2398427,44.558023],[-78.23989,44.558003900000017]]],[[[-78.198908,44.555564400000037],[-78.198990499999979,44.555546900000024],[-78.198994199999959,44.555576300000041],[-78.198988199999974,44.55562690000005],[-78.198982699999988,44.555652400000042],[-78.198971499999971,44.5557104],[-78.198976,44.5557432],[-78.1989807,44.5557723],[-78.198964699999976,44.555811900000037],[-78.198938699999985,44.555826200000013],[-78.198888,44.5558259],[-78.198857699999962,44.555807300000026],[-78.198832699999969,44.555778300000043],[-78.198808199999974,44.555726900000025],[-78.198809,44.555683500000043],[-78.198809499999982,44.5556545],[-78.198835699999961,44.5556148],[-78.198882,44.5555933],[-78.198908,44.555564400000037]]],[[[-78.4133309,44.5721608],[-78.413384399999984,44.57210740000005],[-78.4134532,44.572157200000049],[-78.413452899999982,44.572245],[-78.413384399999984,44.572325300000045],[-78.413315899999986,44.572378500000013],[-78.413239399999952,44.5723858],[-78.413216699999964,44.572328500000026],[-78.413262199999963,44.5722675],[-78.41328539999995,44.5722144],[-78.4133309,44.5721608]]],[[[-78.228495,44.560014500000023],[-78.228464499999973,44.559994900000049],[-78.228456699999981,44.559968300000037],[-78.228441499999974,44.559930400000042],[-78.228449,44.559895900000015],[-78.228456699999981,44.5598693],[-78.228502699999979,44.55985],[-78.228525499999989,44.559853800000042],[-78.2285637,44.5598425],[-78.228601699999956,44.559846400000026],[-78.228624699999955,44.559846400000026],[-78.228647499999965,44.5598655],[-78.228662699999973,44.55988480000002],[-78.228685699999971,44.559919],[-78.228678,44.559999300000015],[-78.228655,44.56001040000001],[-78.2286322,44.559998800000017],[-78.228601699999956,44.5600063],[-78.228578699999957,44.560014200000012],[-78.22856349999995,44.560033500000031],[-78.228556,44.560051900000019],[-78.228525199999979,44.560041300000023],[-78.2285025,44.560033300000043],[-78.228495,44.560014500000023]]],[[[-78.3049365,44.5578587],[-78.3049747,44.557805300000041],[-78.305012699999963,44.55780870000001],[-78.305035699999962,44.557843500000047],[-78.305005,44.557888700000035],[-78.304967,44.557915800000046],[-78.304944,44.557942200000014],[-78.3049287,44.558003500000041],[-78.304921,44.55807580000004],[-78.3049135,44.558121500000027],[-78.304883,44.558175300000016],[-78.304814199999953,44.558209200000022],[-78.304783699999973,44.558190500000023],[-78.304768699999954,44.558151900000041],[-78.304761,44.558118],[-78.304761,44.558091],[-78.304867699999988,44.558003500000041],[-78.304906,44.5579118],[-78.3049365,44.5578587]]],[[[-78.2314442,44.5577045],[-78.231505699999957,44.55768340000003],[-78.2315362,44.5576873],[-78.231566499999985,44.55770190000004],[-78.2316017,44.5577242],[-78.231632,44.5577427],[-78.231641499999967,44.557775400000025],[-78.231610499999988,44.557804300000043],[-78.231584199999986,44.557840200000044],[-78.231533,44.557865200000037],[-78.2314922,44.557875700000011],[-78.231431,44.557871500000033],[-78.231405699999982,44.5578678],[-78.231386,44.557842],[-78.231386499999985,44.557806],[-78.231387199999972,44.557769400000041],[-78.2314027,44.5577404],[-78.231418499999961,44.557722500000011],[-78.2314442,44.5577045]]],[[[-78.304654,44.559834300000034],[-78.304677,44.559807800000044],[-78.3047305,44.5598152],[-78.304776,44.559872400000017],[-78.304814499999964,44.559918],[-78.304814199999953,44.559964200000024],[-78.304799,44.5600248],[-78.304783699999973,44.560044400000038],[-78.30470749999995,44.560051700000031],[-78.3046465,44.560021300000017],[-78.3046387,44.5599755],[-78.304608199999961,44.5599297],[-78.3046235,44.559887400000036],[-78.304654,44.559834300000034]]],[[[-78.397087699999986,44.4890024],[-78.397087699999986,44.488941900000043],[-78.397118199999966,44.48893030000005],[-78.397141199999965,44.488922800000012],[-78.397164,44.488914800000032],[-78.397202,44.48888850000003],[-78.397232699999961,44.4888808],[-78.397248,44.488861700000029],[-78.39725569999996,44.488834900000029],[-78.397286,44.4888272],[-78.397309,44.488819200000023],[-78.397332,44.488819700000022],[-78.397362199999975,44.488819400000011],[-78.397385,44.488819200000023],[-78.397408,44.4888388],[-78.3974232,44.4888578],[-78.397393,44.4888922],[-78.3973777,44.488911200000018],[-78.39737,44.48893],[-78.397339699999975,44.488937800000031],[-78.397316499999988,44.4889723],[-78.397286,44.488990900000033],[-78.3972632,44.488987300000019],[-78.3971487,44.488995],[-78.397110699999985,44.4890024],[-78.397087699999986,44.4890024]]],[[[-78.266421699999967,44.55695970000005],[-78.26646,44.556925500000034],[-78.266475499999956,44.556906500000025],[-78.266490499999975,44.5568869],[-78.266528699999981,44.556891],[-78.26655169999998,44.556879400000014],[-78.2665745,44.556883500000026],[-78.266605,44.556883800000037],[-78.266627699999958,44.5568758],[-78.266651,44.556856500000038],[-78.2666812,44.556849],[-78.266704,44.55684930000001],[-78.266727,44.556841500000019],[-78.266757499999983,44.556833800000049],[-78.266780499999982,44.55682250000001],[-78.266818699999988,44.5568265],[-78.2668415,44.5568265],[-78.266879499999959,44.55681850000002],[-78.2668415,44.556906200000014],[-78.266818699999988,44.556906200000014],[-78.266780499999982,44.556906200000014],[-78.26675,44.556902700000023],[-78.266712,44.556913800000018],[-78.266689,44.556948300000045],[-78.2666582,44.556948800000043],[-78.26663549999995,44.556948],[-78.266612499999951,44.556936900000039],[-78.2665897,44.556936900000039],[-78.2665745,44.5569519],[-78.266559199999961,44.556971],[-78.266498,44.556978900000047],[-78.26646,44.556978900000047],[-78.266437199999984,44.556978400000048],[-78.266421699999967,44.55695970000005]]],[[[-78.198410499999966,44.5552075],[-78.198383,44.555193700000018],[-78.198396,44.555167400000016],[-78.1984167,44.555145700000025],[-78.198406699999964,44.555124],[-78.198407499999973,44.555087400000048],[-78.198392499999954,44.555073],[-78.198367499999961,44.5550437],[-78.198342499999967,44.555025300000011],[-78.198322499999961,44.555007],[-78.198333199999979,44.5549853],[-78.198358499999983,44.554982],[-78.1984142,44.554997],[-78.198454699999957,44.55500440000003],[-78.19848,44.55502290000004],[-78.1985305,44.5550488],[-78.198550499999953,44.55507080000001],[-78.19857,44.55510380000004],[-78.1985747,44.555132800000024],[-78.198559,44.555168900000012],[-78.198532699999987,44.555201400000044],[-78.198502,44.555204800000013],[-78.19847169999997,44.555197300000032],[-78.198410499999966,44.5552075]]],[[[-78.240409199999988,44.552724400000045],[-78.24048449999998,44.55270390000004],[-78.240531,44.552736400000015],[-78.2405255,44.5527654],[-78.2405192,44.552823400000023],[-78.240503199999978,44.552866900000026],[-78.240467,44.5528994],[-78.240436199999976,44.552917300000047],[-78.24037519999996,44.552913],[-78.240329699999961,44.552909],[-78.2403147,44.552887],[-78.240320199999985,44.552854500000024],[-78.240341199999989,44.5528147],[-78.240347,44.552785800000038],[-78.2403832,44.55275690000002],[-78.240409199999988,44.552724400000045]]],[[[-78.231829,44.558168],[-78.231852,44.558168],[-78.231836699999974,44.5582139],[-78.231798499999968,44.558228900000017],[-78.231775499999969,44.558240500000011],[-78.23176049999995,44.55825550000003],[-78.231768199999976,44.55828230000003],[-78.2317832,44.5583014],[-78.231806,44.558347],[-78.2318062,44.558373900000049],[-78.2318062,44.558400400000039],[-78.231775699999957,44.558408200000031],[-78.231752699999959,44.558408200000031],[-78.23173,44.558401],[-78.231707,44.558373900000049],[-78.2316917,44.558354800000018],[-78.231669,44.558343400000012],[-78.2316535,44.558324300000038],[-78.231630699999982,44.55829],[-78.231638199999963,44.558244200000047],[-78.231646,44.558225],[-78.2316765,44.558217300000024],[-78.2317147,44.5581833],[-78.231737499999952,44.558175800000015],[-78.231768,44.558168],[-78.231790699999976,44.558168],[-78.231829,44.558168]]],[[[-78.3804887,44.5814772],[-78.380529499999966,44.581446500000027],[-78.380553499999962,44.581479300000012],[-78.380566,44.581528500000047],[-78.380557,44.5815834],[-78.380542699999978,44.58164320000003],[-78.380530499999963,44.581672200000014],[-78.3805092,44.581688700000029],[-78.380471199999988,44.581733400000019],[-78.380440699999951,44.5816964],[-78.3804265,44.581658700000048],[-78.380413699999963,44.581616200000042],[-78.380409699999973,44.581567900000039],[-78.380408699999975,44.581525400000032],[-78.380441,44.58149370000001],[-78.3804887,44.5814772]]],[[[-78.452799199999959,44.569872500000031],[-78.4527152,44.569833900000049],[-78.452715099999978,44.569795700000043],[-78.4527764,44.5697882],[-78.452875399999982,44.569772900000032],[-78.453028,44.569769400000041],[-78.453081399999974,44.569795900000031],[-78.4530739,44.569833900000049],[-78.4530739,44.569868700000029],[-78.452989899999977,44.569857100000036],[-78.452890699999955,44.569856900000048],[-78.452799199999959,44.569872500000031]]],[[[-78.246972699999958,44.550234900000021],[-78.247039,44.5502285],[-78.247063699999956,44.55026840000005],[-78.2470682,44.550308700000016],[-78.2470677,44.550337800000023],[-78.2470467,44.55036640000003],[-78.247005699999988,44.5503807],[-78.24696,44.550383900000043],[-78.246909,44.55039430000005],[-78.24686319999995,44.550379300000031],[-78.2468642,44.550324900000021],[-78.2468697,44.550299700000039],[-78.2468907,44.5502672],[-78.246937,44.5502419],[-78.246972699999958,44.550234900000021]]],[[[-78.405045,44.576044500000023],[-78.4050987,44.576044500000023],[-78.405083199999979,44.576097700000048],[-78.405037199999981,44.576197],[-78.4049842,44.5762848],[-78.404907699999967,44.576311200000021],[-78.404869499999961,44.576265800000044],[-78.404884699999968,44.57622740000005],[-78.405045,44.576044500000023]]],[[[-78.2459485,44.5529593],[-78.245913199999961,44.5529348],[-78.245893499999966,44.552890900000023],[-78.245914199999959,44.552869500000043],[-78.245975699999974,44.552851800000042],[-78.2460112,44.552848400000016],[-78.2460625,44.552838],[-78.246118199999955,44.552842200000043],[-78.246138499999972,44.552853300000038],[-78.246158499999979,44.552875200000017],[-78.246173,44.5529118],[-78.246167499999956,44.552940700000022],[-78.246147,44.5529477],[-78.246091,44.552954400000033],[-78.246035,44.552954],[-78.245999199999972,44.552957200000037],[-78.2459485,44.5529593]]],[[[-78.33280069999995,44.50254],[-78.332849,44.5025263],[-78.332917,44.5025364],[-78.3329617,44.50255930000003],[-78.3329847,44.502603800000031],[-78.332981199999949,44.502660700000035],[-78.3329205,44.502686800000049],[-78.3328747,44.502685400000018],[-78.3328252,44.502661500000045],[-78.332803499999955,44.5026282],[-78.33279269999997,44.502579],[-78.33280069999995,44.50254]]],[[[-78.219362199999978,44.555814],[-78.219385,44.555802700000015],[-78.219408,44.5558145],[-78.219438499999967,44.55583340000004],[-78.219461199999955,44.5558603],[-78.219484199999954,44.555886500000042],[-78.219492,44.555906],[-78.219492,44.555951500000049],[-78.219476699999973,44.55598580000003],[-78.219453699999974,44.555986],[-78.219431,44.555986],[-78.219392699999958,44.555986],[-78.219339199999979,44.555966400000045],[-78.2193317,44.55592850000005],[-78.2193165,44.555902],[-78.2193317,44.555856],[-78.219347,44.555829800000026],[-78.219362199999978,44.555814]]],[[[-78.3955952,44.577279800000042],[-78.395656499999973,44.5772662],[-78.395697199999972,44.577283500000021],[-78.395736,44.5772958],[-78.395731499999954,44.5773327],[-78.395698699999969,44.577353800000026],[-78.3956847,44.57738020000005],[-78.395626199999981,44.577399500000013],[-78.3955742,44.577406900000028],[-78.395515699999976,44.577393500000028],[-78.395499199999961,44.577368500000034],[-78.395500499999969,44.577338400000031],[-78.395527,44.5773115],[-78.3955532,44.577290900000037],[-78.3955952,44.577279800000042]]],[[[-78.257243,44.552994],[-78.257294,44.552991],[-78.257319199999984,44.552998400000035],[-78.257344199999977,44.553031300000043],[-78.257323,44.553078200000016],[-78.2572717,44.5531143],[-78.257201,44.553120200000023],[-78.257134,44.553120200000023],[-78.2571142,44.553091],[-78.257130199999949,44.5530478],[-78.25717149999997,44.553015300000027],[-78.257243,44.552994]]],[[[-78.290539199999955,44.559505400000035],[-78.2905164,44.559497600000043],[-78.2904782,44.559497600000043],[-78.290455299999962,44.559486400000026],[-78.2904552,44.5594673],[-78.290470499999969,44.5594443],[-78.290485699999977,44.559425300000044],[-78.2904858,44.559406200000012],[-78.2904934,44.559390800000017],[-78.290562099999988,44.559364100000039],[-78.2905849,44.559356700000023],[-78.290607799999975,44.559363900000051],[-78.290638299999955,44.559375400000022],[-78.2906385,44.55940240000001],[-78.290630699999952,44.559429],[-78.290630799999974,44.55944820000002],[-78.290630699999952,44.559474600000044],[-78.290646,44.559489900000017],[-78.290615599999967,44.5595088],[-78.2905925,44.559508900000026],[-78.2905697,44.559509],[-78.290539199999955,44.559505400000035]]],[[[-78.251449499999978,44.547711700000036],[-78.2514852,44.547708400000033],[-78.251515499999982,44.54773780000005],[-78.2515712,44.5477492],[-78.251534199999981,44.547828800000048],[-78.251508,44.547868400000027],[-78.251486199999988,44.547887800000012],[-78.2514162,44.5478822],[-78.251391,44.547874700000023],[-78.2513917,44.547827500000039],[-78.251407499999971,44.547798700000044],[-78.251423199999977,44.547762500000033],[-78.251449499999978,44.547711700000036]]],[[[-78.211313,44.55504],[-78.211389199999985,44.55503230000005],[-78.211412199999984,44.555043900000044],[-78.211427499999957,44.555077700000027],[-78.211427499999957,44.555104800000038],[-78.211412199999984,44.555142900000021],[-78.211396699999966,44.555184900000029],[-78.211374,44.555185200000039],[-78.211336,44.555192200000022],[-78.2112975,44.5551658],[-78.2112747,44.555139],[-78.211259499999983,44.555082],[-78.211290199999951,44.555047200000047],[-78.211313,44.55504]]],[[[-78.217248699999971,44.55468140000005],[-78.21731,44.554673400000013],[-78.217340199999967,44.5546928],[-78.217348,44.554712],[-78.217363199999966,44.554746300000033],[-78.217371,44.55476520000002],[-78.217386,44.554791800000032],[-78.2173707,44.554810800000041],[-78.217333,44.554826500000047],[-78.217302199999949,44.5548263],[-78.217271699999969,44.5548147],[-78.217241199999989,44.554806900000017],[-78.217233499999963,44.554788200000019],[-78.2172182,44.5547618],[-78.217210699999953,44.55474190000001],[-78.217210499999965,44.5547077],[-78.217226,44.55468140000005],[-78.217248699999971,44.55468140000005]]],[[[-78.470362599999987,44.573717500000043],[-78.470416,44.573656200000016],[-78.470477,44.573675700000024],[-78.470492399999955,44.5737024],[-78.470477099999982,44.57376690000001],[-78.4704236,44.573820400000045],[-78.470370399999979,44.573847200000046],[-78.470332199999973,44.573801100000026],[-78.470362599999987,44.573717500000043]]],[[[-78.2402945,44.5537622],[-78.240325199999972,44.553751500000033],[-78.2403607,44.5537519],[-78.2404115,44.5537559],[-78.240441699999963,44.55377070000003],[-78.240487199999961,44.553782],[-78.240507499999978,44.55379320000003],[-78.2404967,44.5538333],[-78.2404712,44.553836400000023],[-78.240445699999952,44.553839800000048],[-78.24042,44.5538578],[-78.240379,44.553864800000042],[-78.2403587,44.55386070000003],[-78.240333499999963,44.553860400000019],[-78.2403132,44.5538424],[-78.2402932,44.553827400000046],[-78.2402937,44.553794700000026],[-78.2402945,44.5537622]]],[[[-78.417952499999956,44.354035300000021],[-78.4179835,44.3540097],[-78.418029,44.35401],[-78.418073699999979,44.354021500000044],[-78.4181132,44.354051300000037],[-78.418117,44.3540883],[-78.418101199999967,44.35411],[-78.4180905,44.3541285],[-78.418055199999969,44.354135500000041],[-78.418023,44.3541338],[-78.4180017,44.354127800000015],[-78.417976,44.35412],[-78.4179552,44.354109],[-78.417941699999972,44.354061],[-78.417952499999956,44.354035300000021]]],[[[-78.294255,44.5580577],[-78.294264699999985,44.558028700000023],[-78.2943052,44.558028900000011],[-78.294371499999954,44.558032800000035],[-78.294437499999958,44.558033300000034],[-78.294488199999989,44.558036900000047],[-78.2945082,44.557997200000045],[-78.294528,44.5579758],[-78.294563699999969,44.557982900000013],[-78.294559,44.558008200000017],[-78.294544199999962,44.558059],[-78.294504,44.558084],[-78.294412699999953,44.55809830000004],[-78.2943515,44.5580797],[-78.2943057,44.558072500000037],[-78.294255,44.5580577]]],[[[-78.4176407,44.356614200000024],[-78.4176405,44.356534400000044],[-78.417747499999962,44.356713400000046],[-78.41777019999995,44.356797800000038],[-78.417724699999951,44.356866300000036],[-78.4176407,44.356614200000024]]],[[[-78.322022,44.557099200000039],[-78.322102499999971,44.557096800000011],[-78.3221577,44.557128300000045],[-78.322199,44.55715170000002],[-78.32217019999996,44.557190700000035],[-78.32212549999997,44.557198700000015],[-78.322075199999972,44.557196800000042],[-78.3219962,44.557171500000038],[-78.321989,44.5571342],[-78.322022,44.557099200000039]]],[[[-78.404016,44.57759980000003],[-78.4040392,44.5775903],[-78.404068,44.577592300000049],[-78.40406349999995,44.577639500000032],[-78.404053699999963,44.57766840000005],[-78.404026,44.5777089],[-78.404005699999971,44.5777569],[-78.40397,44.577773400000012],[-78.403932699999984,44.577787],[-78.403932199999986,44.577737800000023],[-78.403949499999953,44.577683700000023],[-78.403957699999978,44.577651900000035],[-78.403982199999973,44.577612500000043],[-78.404016,44.57759980000003]]],[[[-78.219904,44.556005300000038],[-78.219934499999965,44.556005],[-78.219957499999964,44.556016700000043],[-78.2199652,44.5560355],[-78.219980199999952,44.556051],[-78.219988,44.556069800000046],[-78.219972499999983,44.556116],[-78.219949499999984,44.556123300000024],[-78.219926699999974,44.556123300000024],[-78.2198965,44.556130900000028],[-78.2198732,44.556130900000028],[-78.21985049999995,44.556130900000028],[-78.219835199999977,44.5561118],[-78.219827499999951,44.556093],[-78.219842699999958,44.556077300000027],[-78.21985049999995,44.5560314],[-78.219881,44.556012800000019],[-78.219904,44.556005300000038]]],[[[-78.239837499999965,44.55427],[-78.239863,44.5542595],[-78.2398887,44.554259800000011],[-78.239914,44.554263700000035],[-78.239949199999955,44.5542858],[-78.23998469999998,44.554286],[-78.240015199999959,44.5542972],[-78.240025,44.5543227],[-78.239989,44.554344],[-78.2399375,44.554368900000043],[-78.239918699999976,44.5543768],[-78.23987649999998,44.554372200000046],[-78.2398667,44.554346400000043],[-78.2398465,44.554339200000015],[-78.239831699999968,44.554302800000016],[-78.239837499999965,44.55427]]],[[[-78.215036699999985,44.554301],[-78.215092699999957,44.5542979],[-78.215118,44.554309],[-78.21512249999995,44.5543452],[-78.215116699999953,44.5543743],[-78.215091199999961,44.5543925],[-78.215060199999982,44.5544102],[-78.2150347,44.554420700000037],[-78.214989,44.554412400000047],[-78.214979,44.554394700000046],[-78.2149435,44.554380300000048],[-78.214954499999976,44.554354700000033],[-78.214990199999988,44.5543333],[-78.215016,44.554319],[-78.215036699999985,44.554301]]],[[[-78.4041825,44.577234500000031],[-78.4042197,44.577220800000021],[-78.404249199999981,44.577222300000017],[-78.404273,44.577271900000028],[-78.404252,44.57731050000001],[-78.404212199999961,44.577351],[-78.404162199999973,44.577371200000016],[-78.4041375,44.5773615],[-78.404139199999975,44.5773249],[-78.404142,44.5772814],[-78.404147199999954,44.577244],[-78.4041825,44.577234500000031]]],[[[-78.217538699999977,44.55446390000003],[-78.217561699999976,44.5544638],[-78.2175767,44.554483],[-78.2175997,44.554498300000034],[-78.217607499999986,44.55451690000001],[-78.2176227,44.554543700000011],[-78.217630199999974,44.554563300000041],[-78.217630199999974,44.554601400000024],[-78.217607499999986,44.5546089],[-78.217569199999957,44.554608700000017],[-78.217546199999958,44.554589800000031],[-78.217493,44.554559200000028],[-78.2174852,44.5545323],[-78.2175082,44.554498],[-78.217538699999977,44.55446390000003]]],[[[-78.266489,44.549028800000031],[-78.266554699999972,44.549021800000048],[-78.2666107,44.5490365],[-78.266646499999979,44.549047500000029],[-78.266667199999972,44.549094800000034],[-78.266606699999954,44.549119800000028],[-78.266540499999962,44.549112300000047],[-78.26651,44.549094],[-78.266474,44.549064700000031],[-78.266458699999987,44.549039500000049],[-78.266489,44.549028800000031]]],[[[-78.347595,44.553180900000029],[-78.347667,44.553171],[-78.347720199999969,44.553194900000051],[-78.3477317,44.553240300000027],[-78.347717699999976,44.553266],[-78.347652499999981,44.55328],[-78.347583,44.553265],[-78.347571,44.5532253],[-78.347595,44.553180900000029]]],[[[-78.307866,44.5629285],[-78.307891199999972,44.562913900000012],[-78.307982699999968,44.562914400000011],[-78.30803,44.562936],[-78.308032699999956,44.562969800000019],[-78.307988499999965,44.562990500000012],[-78.307938,44.563001],[-78.307866699999977,44.5630008],[-78.307851199999959,44.56297550000005],[-78.307866,44.5629285]]],[[[-78.304464199999984,44.558726],[-78.3045047,44.558708300000035],[-78.304591,44.558722900000021],[-78.304601699999978,44.55875930000002],[-78.304587199999958,44.558813500000042],[-78.304531199999985,44.5588204],[-78.3044597,44.558769400000017],[-78.304464199999984,44.558726]]],[[[-78.45035,44.567438200000026],[-78.4504265,44.5674348],[-78.45044919999998,44.567460900000015],[-78.4503957,44.5674952],[-78.4503272,44.5675372],[-78.450281199999949,44.567583300000024],[-78.45025069999997,44.567583500000012],[-78.450296699999967,44.567484300000046],[-78.45035,44.567438200000026]]],[[[-78.303799699999956,44.559227800000031],[-78.30392919999997,44.559151400000019],[-78.3039675,44.559159200000011],[-78.3039675,44.559185800000023],[-78.30392919999997,44.55922],[-78.303876,44.559258200000045],[-78.303799499999968,44.559292500000026],[-78.303776499999969,44.559273500000018],[-78.303799699999956,44.559227800000031]]],[[[-78.461649499999965,44.56638],[-78.461695799999973,44.566377200000034],[-78.46175,44.56639],[-78.461697499999957,44.566445700000031],[-78.461641499999985,44.566477500000019],[-78.46160569999995,44.566477500000019],[-78.461557299999981,44.566467700000032],[-78.461574499999983,44.566430300000036],[-78.461601,44.566403300000047],[-78.461649499999965,44.56638]]],[[[-78.265163,44.557577700000024],[-78.2651325,44.557566300000019],[-78.2651095,44.557566300000019],[-78.2650562,44.557558800000038],[-78.2650332,44.557539800000029],[-78.265063699999985,44.5575202],[-78.265071199999966,44.5575015],[-78.265102,44.557485900000017],[-78.265140199999962,44.557478700000047],[-78.265163,44.557485900000017],[-78.265185699999961,44.5574977],[-78.265201199999979,44.557558500000027],[-78.265193499999953,44.557577900000013],[-78.265163,44.557577700000024]]],[[[-78.240896499999963,44.553382700000043],[-78.240922,44.553379300000017],[-78.240957499999979,44.553379800000016],[-78.240978,44.55338340000003],[-78.240982499999973,44.553412800000046],[-78.240982199999962,44.553434500000037],[-78.240951199999984,44.553452200000038],[-78.240891,44.553458400000011],[-78.240849699999956,44.5534404],[-78.24084,44.553404300000011],[-78.240860699999985,44.5533934],[-78.240896499999963,44.553382700000043]]],[[[-78.22925,44.5553999],[-78.229270699999972,44.55538],[-78.229291,44.555393],[-78.229316,44.555411500000048],[-78.229336,44.555429700000047],[-78.2293507,44.55545520000004],[-78.22932,44.555480400000022],[-78.229278699999952,44.5555018],[-78.2292582,44.555509],[-78.229233499999964,44.555497200000048],[-78.229249,44.555465300000037],[-78.229254699999956,44.555421700000011],[-78.22925,44.5553999]]],[[[-78.240983,44.5576155],[-78.240997,44.5576],[-78.241022,44.5576342],[-78.24102419999997,44.5576699],[-78.241007499999967,44.557681],[-78.2409935,44.55769650000002],[-78.2409652,44.557707900000025],[-78.24094249999996,44.557709400000022],[-78.240906199999984,44.557695500000023],[-78.240917499999966,44.55765580000002],[-78.240935,44.55763330000002],[-78.240960499999971,44.557617200000038],[-78.240983,44.5576155]]],[[[-78.212432699999965,44.554465500000049],[-78.2124632,44.554461900000035],[-78.212488499999949,44.5544658],[-78.212503,44.554506],[-78.212502699999959,44.5545313],[-78.2124667,44.554556500000047],[-78.212412,44.5545497],[-78.2124265,44.554512400000021],[-78.212427,44.554487],[-78.212432699999965,44.554465500000049]]],[[[-78.233208199999979,44.551456],[-78.233239,44.5514455],[-78.233264499999962,44.551445700000045],[-78.2332687,44.551482],[-78.233263499999964,44.551503800000035],[-78.233248,44.5515254],[-78.2332025,44.551531900000043],[-78.233187,44.5515102],[-78.233187499999985,44.551474],[-78.233208199999979,44.551456]]],[[[-78.286019399999986,44.562961800000039],[-78.285986799999989,44.562961],[-78.285966299999984,44.5629672],[-78.285946299999978,44.5629634],[-78.2859752,44.562944100000038],[-78.285988,44.562935500000037],[-78.286026699999979,44.5629376],[-78.286087499999951,44.562932400000022],[-78.286108599999977,44.562947300000019],[-78.286129099999982,44.56297330000001],[-78.2861024,44.5629793],[-78.286076199999968,44.562976500000048],[-78.286046799999951,44.562973600000021],[-78.286019399999986,44.562961800000039]]],[[[-78.442125499999975,44.5654685],[-78.442151699999954,44.565462700000012],[-78.442184199999986,44.5654637],[-78.4421987,44.565492800000015],[-78.4422045,44.565515300000015],[-78.44219,44.5655309],[-78.4421592,44.565526500000033],[-78.442126199999961,44.565515900000037],[-78.442107499999963,44.5654783],[-78.442125499999975,44.5654685]]],[[[-78.2509627,44.544961700000044],[-78.250999699999966,44.544955400000049],[-78.2510322,44.5449668],[-78.251039699999978,44.544988400000022],[-78.251026699999954,44.545006400000034],[-78.251003499999968,44.545011400000021],[-78.250979699999959,44.545009],[-78.250953199999969,44.544991500000037],[-78.2509627,44.544961700000044]]],[[[-78.4521732,44.5698079],[-78.4522045,44.569806200000016],[-78.452228199999979,44.569821700000034],[-78.45224,44.56984570000003],[-78.452212499999973,44.569862900000032],[-78.452185199999974,44.569858400000044],[-78.452162199999975,44.56985050000003],[-78.452161499999988,44.569824400000016],[-78.4521732,44.5698079]]],[[[-78.3809407,44.576598200000035],[-78.38097,44.576564900000051],[-78.380994199999975,44.5765723],[-78.380999699999961,44.5765917],[-78.380988699999989,44.576619],[-78.3809642,44.576642],[-78.380947,44.5766304],[-78.3809407,44.576598200000035]]],[[[-78.462574299999972,44.5655974],[-78.462637299999983,44.565563700000041],[-78.46265649999998,44.5655782],[-78.462643799999967,44.5656078],[-78.462603299999955,44.565615800000046],[-78.462574299999972,44.5655974]]],[[[-78.4506697,44.565654500000051],[-78.4506922,44.565651700000046],[-78.4507107,44.565673],[-78.450701699999968,44.56569490000004],[-78.450680199999965,44.56570750000003],[-78.450662,44.565696900000034],[-78.4506475,44.565673800000013],[-78.4506697,44.565654500000051]]],[[[-78.453176699999972,44.5691933],[-78.453197699999976,44.569188200000042],[-78.453222,44.5692047],[-78.453201699999966,44.569237700000031],[-78.453181,44.56923450000005],[-78.453161199999954,44.569216400000016],[-78.453176699999972,44.5691933]]],[[[-78.451936699999976,44.566829900000016],[-78.451946199999952,44.566801],[-78.451981499999988,44.566807200000028],[-78.451991,44.566834800000038],[-78.451959199999976,44.566843300000016],[-78.451936699999976,44.566829900000016]]],[[[-78.449141699999984,44.566971200000012],[-78.449174,44.566969200000017],[-78.44919,44.5669823],[-78.449181499999952,44.567002400000035],[-78.449149699999964,44.567010400000015],[-78.449141699999984,44.566971200000012]]],[[[-78.3796385,44.574611400000038],[-78.379649499999971,44.574586],[-78.379673,44.574592700000039],[-78.379666499999985,44.574626800000033],[-78.3796385,44.574611400000038]]],[[[-78.452608699999985,44.570195500000011],[-78.45262,44.5701747],[-78.45264549999996,44.57018],[-78.4526262,44.570207],[-78.452608699999985,44.570195500000011]]],[[[-78.380250699999976,44.575026500000035],[-78.380272199999979,44.5750145],[-78.380277,44.575038900000038],[-78.380250699999976,44.575026500000035]]]]}},
{"type":"Feature","properties":{"OGF_ID":67860179,"OFFICIAL_N":"Hiawatha First Nation 36","INDIAN_RES":"Indian Reserve","OBJECTID":1281},"geometry":{"type":"MultiPolygon","coordinates":[[[[-78.207176799999957,44.184464600000013],[-78.204009,44.178184400000021],[-78.204018499999961,44.178187],[-78.204216799999983,44.1782174],[-78.20468969999996,44.17819460000004],[-78.204827099999989,44.1781795],[-78.205208499999969,44.178079800000035],[-78.205323099999987,44.1780192],[-78.205605399999968,44.177721500000018],[-78.205857199999969,44.177405],[-78.206116499999951,44.177103400000021],[-78.2064294,44.176840300000038],[-78.2068337,44.176599900000042],[-78.2072533,44.1764205],[-78.207688299999973,44.176233800000034],[-78.207772199999965,44.176192100000037],[-78.208039099999951,44.176096200000018],[-78.2080545,44.176089],[-78.20808489999996,44.1760696],[-78.208107899999959,44.176047],[-78.208123099999966,44.176035300000024],[-78.208146,44.176020100000017],[-78.208168799999953,44.1760127],[-78.2081842,44.175993700000049],[-78.208222299999989,44.1759859],[-78.2082527,44.175967],[-78.208275799999967,44.175959],[-78.208329099999958,44.175944],[-78.20835969999996,44.175932500000044],[-78.2083902,44.175924900000041],[-78.208413,44.1759169],[-78.208428199999958,44.1758979],[-78.208451199999956,44.175882600000023],[-78.208466399999963,44.175863600000014],[-78.208481599999971,44.1758486],[-78.2085047,44.175837200000046],[-78.208535099999949,44.175814400000036],[-78.2085581,44.175795200000039],[-78.208580899999959,44.175776],[-78.2086114,44.175768400000038],[-78.2086342,44.175761],[-78.20865729999997,44.1757531],[-78.208687699999984,44.1757455],[-78.208710599999961,44.1757341],[-78.20873359999996,44.175718800000027],[-78.208771599999977,44.175699800000018],[-78.208802099999957,44.1756843],[-78.208840299999963,44.175665200000026],[-78.20885549999997,44.175650100000041],[-78.2088938,44.175631100000032],[-78.208931899999982,44.175615900000025],[-78.2089547,44.175596700000028],[-78.2089929,44.175588900000037],[-78.2090081,44.175569900000028],[-78.209031,44.175562500000012],[-78.209054,44.17554720000004],[-78.2090844,44.1755278],[-78.209122499999978,44.1755205],[-78.209145499999977,44.1755053],[-78.2092371,44.175452],[-78.209298099999955,44.175409800000011],[-78.20932849999997,44.17539830000004],[-78.2093668,44.175383100000033],[-78.209389599999952,44.175363900000036],[-78.209412499999985,44.175356500000021],[-78.2094583,44.175341200000048],[-78.2094659,44.17532970000002],[-78.209504,44.175321900000029],[-78.209519299999954,44.1753147],[-78.20955749999996,44.175299],[-78.209580299999971,44.1752803],[-78.209610899999973,44.175260900000012],[-78.209633799999949,44.175245600000039],[-78.20965659999996,44.175227],[-78.209687199999962,44.175211500000046],[-78.20971,44.175192300000049],[-78.2097407,44.1751774],[-78.209763499999951,44.1751582],[-78.20985509999997,44.1750892],[-78.209878,44.1750705],[-78.209908399999961,44.175043800000026],[-78.2099237,44.1750169],[-78.209946599999967,44.175009500000044],[-78.209984799999972,44.1749747],[-78.210007599999983,44.174956100000031],[-78.210038199999985,44.174940600000014],[-78.210045799999989,44.174933],[-78.210076299999969,44.174914200000046],[-78.2100992,44.174887100000035],[-78.210129699999982,44.174872200000038],[-78.210167799999965,44.174826100000018],[-78.210297699999956,44.174711600000023],[-78.210335699999973,44.1746852],[-78.21035089999998,44.174669600000016],[-78.210389099999986,44.174643200000048],[-78.2104273,44.1746162],[-78.210442599999965,44.174609],[-78.210465399999975,44.174589800000035],[-78.210480599999983,44.1745821],[-78.210503599999981,44.1745555],[-78.21055709999996,44.1745287],[-78.210579899999971,44.1745022],[-78.210595099999978,44.174494400000015],[-78.2106637,44.174440800000013],[-78.2107019,44.174406500000032],[-78.210747699999956,44.174372],[-78.210762899999963,44.1743457],[-78.210793499999966,44.174326300000018],[-78.210801099999969,44.174311400000022],[-78.210816499999964,44.174292400000013],[-78.210846899999979,44.1742769],[-78.210885099999985,44.174230800000032],[-78.2109079,44.174216100000024],[-78.210961299999951,44.174151],[-78.2109767,44.174136],[-78.210991799999988,44.17410910000001],[-78.21099959999998,44.174089800000047],[-78.211014799999987,44.174070800000038],[-78.2110452,44.174048],[-78.211045299999967,44.174017600000013],[-78.21105289999997,44.174002200000018],[-78.2110682,44.1739753],[-78.21108339999995,44.173949],[-78.211083499999972,44.1739298],[-78.211114,44.17387610000003],[-78.211129199999959,44.173857100000021],[-78.211136799999963,44.173834400000032],[-78.211167399999965,44.173796400000015],[-78.2111827,44.173769500000049],[-78.211190199999976,44.173742900000036],[-78.2112055,44.1737278],[-78.211205599999971,44.1737008],[-78.211235899999963,44.173662800000045],[-78.211251299999958,44.1736477],[-78.211258899999962,44.173620500000027],[-78.2112742,44.173594200000025],[-78.2112894,44.1735673],[-78.2113048,44.17354830000005],[-78.211319899999978,44.173521400000027],[-78.211342899999977,44.1734758],[-78.211411399999974,44.173399600000039],[-78.21142679999997,44.17338060000003],[-78.211434299999951,44.1733539],[-78.21148009999996,44.1733082],[-78.211487899999952,44.173292800000013],[-78.211503099999959,44.1732738],[-78.21152589999997,44.173258500000031],[-78.211541299999965,44.173239500000022],[-78.211556499999972,44.1732126],[-78.211571599999957,44.173193600000047],[-78.211587,44.173166800000047],[-78.211594599999955,44.1731514],[-78.211625199999958,44.1731246],[-78.2116327,44.17310580000003],[-78.2116479,44.173090800000011],[-78.211777699999971,44.172964500000035],[-78.211792899999978,44.17294940000005],[-78.2118236,44.1729305],[-78.2118463,44.1729034],[-78.211869299999989,44.172888200000045],[-78.211899799999969,44.1728693],[-78.211922799999968,44.172854],[-78.211953199999982,44.1728352],[-78.211960799999986,44.172815800000024],[-78.211991399999988,44.1727818],[-78.212014299999964,44.172735500000044],[-78.212029499999971,44.172720500000025],[-78.212060099999974,44.172686400000032],[-78.21215159999997,44.1725983],[-78.212159199999974,44.17257950000004],[-78.212189799999976,44.1725528],[-78.21219739999998,44.172545300000024],[-78.212212599999987,44.1725257],[-78.212243199999989,44.1725108],[-78.2122508,44.17248410000002],[-78.2122814,44.172457400000042],[-78.212296499999979,44.172430500000019],[-78.212304099999983,44.1724117],[-78.212334799999951,44.1724041],[-78.212342299999989,44.172384800000032],[-78.2123575,44.172369700000047],[-78.2123881,44.1723503],[-78.212411,44.172342900000046],[-78.212426199999982,44.172323900000038],[-78.21244919999998,44.1723086],[-78.212464399999988,44.172296900000049],[-78.212479799999983,44.172270600000047],[-78.2125026,44.172255300000018],[-78.2125178,44.172243700000024],[-78.212540599999954,44.1722284],[-78.2125941,44.172194200000035],[-78.212609399999963,44.172175200000027],[-78.2126323,44.17216],[-78.212655099999949,44.172140800000022],[-78.2126705,44.172121800000014],[-78.212693299999955,44.172113800000034],[-78.212746699999968,44.17207970000004],[-78.212761899999975,44.172071900000049],[-78.2128002,44.172052800000017],[-78.2128535,44.17203],[-78.2128763,44.1720186],[-78.2128917,44.172010900000032],[-78.212914499999954,44.1719956],[-78.212937299999965,44.1719764],[-78.2129908,44.1719501],[-78.213006,44.17193450000002],[-78.213173899999958,44.171820100000048],[-78.2132274,44.171778],[-78.2132502,44.171759400000042],[-78.213326599999959,44.171698200000037],[-78.213341799999966,44.171679200000028],[-78.213364799999965,44.1716639],[-78.2134029,44.171644800000024],[-78.213418099999956,44.1716371],[-78.213448699999958,44.171622100000036],[-78.213471499999969,44.171602900000039],[-78.213494299999979,44.171595],[-78.213639399999977,44.1714806],[-78.213662199999987,44.1714541],[-78.2137462,44.1713853],[-78.213860499999953,44.1712594],[-78.2138759,44.171244400000035],[-78.213898699999959,44.171225100000015],[-78.213929399999984,44.17120970000002],[-78.213937,44.171198200000049],[-78.2139674,44.1711833],[-78.2139828,44.171164300000044],[-78.214043799999956,44.1711108],[-78.214059,44.171095700000023],[-78.214081799999974,44.171076500000026],[-78.21415049999996,44.171034600000041],[-78.214173499999958,44.171015400000044],[-78.214188699999966,44.171000400000025],[-78.214211499999976,44.170992400000046],[-78.214226899999971,44.170965500000023],[-78.214249699999982,44.170946900000047],[-78.214265099999977,44.1709391],[-78.214287899999988,44.1709199],[-78.2143031,44.170900900000049],[-78.2143337,44.170878100000039],[-78.21439479999998,44.170843700000034],[-78.214409899999964,44.170824800000048],[-78.214432899999963,44.170805500000029],[-78.2144482,44.1707978],[-78.214471,44.17078250000003],[-78.214486199999953,44.170771400000035],[-78.214524399999959,44.170744400000046],[-78.21454719999997,44.170729200000039],[-78.2145779,44.1707103],[-78.2146007,44.170695],[-78.214615899999956,44.1706833],[-78.214638899999954,44.1706681],[-78.214669299999969,44.170649200000014],[-78.214692299999967,44.170633900000041],[-78.2147837,44.1706072],[-78.2147915,44.1705996],[-78.2148219,44.170580200000018],[-78.21484479999998,44.1705728],[-78.214883,44.170557700000018],[-78.21492109999997,44.1705498],[-78.2149594,44.170523400000036],[-78.214982199999952,44.170515500000022],[-78.215012599999966,44.170496600000035],[-78.2150509,44.170481500000051],[-78.2150737,44.1704623],[-78.21510429999995,44.170446800000036],[-78.215127099999961,44.170428100000038],[-78.21515009999996,44.170408900000041],[-78.2151806,44.170401300000037],[-78.21520339999995,44.170386],[-78.215226299999983,44.170374700000025],[-78.215264499999989,44.170366800000011],[-78.215295,44.170351400000015],[-78.215356,44.170317],[-78.215394099999969,44.170309700000018],[-78.215424699999971,44.170283],[-78.215447499999982,44.170263800000043],[-78.215470499999981,44.170248500000014],[-78.215501,44.170237],[-78.215523799999971,44.170221700000013],[-78.215554399999974,44.170202800000027],[-78.21557729999995,44.170195400000011],[-78.215615499999956,44.1701797],[-78.215638399999989,44.17016110000003],[-78.2156688,44.170145600000012],[-78.2156918,44.170126400000015],[-78.215729799999963,44.1701],[-78.215745199999958,44.1700922],[-78.2157681,44.170084800000041],[-78.2158215,44.170058],[-78.21584439999998,44.17005],[-78.2158824,44.170023600000036],[-78.215913,44.1699969],[-78.215935799999954,44.169988900000021],[-78.215958899999976,44.1699815],[-78.2159893,44.16997],[-78.216012199999966,44.169962600000019],[-78.216035,44.16995460000004],[-78.2160657,44.169947],[-78.216088499999955,44.169939600000021],[-78.216111299999966,44.169920400000024],[-78.216126699999961,44.169901400000015],[-78.2161648,44.16988630000003],[-78.21618,44.169867300000021],[-78.216218199999958,44.169852100000014],[-78.216233399999965,44.169844400000045],[-78.21627159999997,44.1698174],[-78.216317299999957,44.169790800000044],[-78.216409,44.169748800000036],[-78.216439499999979,44.16973],[-78.2164775,44.1697221],[-78.2165005,44.1697029],[-78.2165233,44.1696877],[-78.216554,44.169668800000011],[-78.216576799999984,44.169642300000021],[-78.216615,44.169626600000015],[-78.2166302,44.169600200000048],[-78.216653,44.169592300000033],[-78.216691199999957,44.1695732],[-78.2167217,44.1695656],[-78.216759799999977,44.1695583],[-78.2168438,44.169496900000013],[-78.216874299999972,44.169481900000051],[-78.216889699999967,44.169462900000042],[-78.216912499999978,44.169455],[-78.216935299999989,44.169435800000031],[-78.216950699999984,44.169416800000022],[-78.2169659,44.169401700000037],[-78.2169889,44.169375200000047],[-78.2170193,44.1693558],[-78.217042099999958,44.169348400000047],[-78.217065199999979,44.16934040000001],[-78.2170956,44.1693328],[-78.2171184,44.1693141],[-78.217187199999955,44.169234],[-78.2172023,44.1692071],[-78.217210099999988,44.1691917],[-78.2172405,44.169172800000013],[-78.217248099999949,44.169165300000031],[-78.217278699999952,44.169145900000046],[-78.217301499999962,44.169112],[-78.217332099999965,44.1690853],[-78.217354899999975,44.16907],[-78.21737029999997,44.169051],[-78.217393099999981,44.169031800000027],[-78.217423699999983,44.169009],[-78.217431299999987,44.1689897],[-78.217461899999989,44.168970800000011],[-78.2174847,44.1689437],[-78.21749989999995,44.168928600000015],[-78.2175153,44.1689096],[-78.217538099999956,44.1688944],[-78.217568699999958,44.1688676],[-78.2175762,44.168841],[-78.2176068,44.1688221],[-78.217622,44.168795200000034],[-78.217629699999975,44.168779800000038],[-78.217644899999982,44.168753500000037],[-78.217660099999989,44.1687339],[-78.217675499999984,44.1687149],[-78.217683099999988,44.168700100000024],[-78.2177137,44.168673400000046],[-78.217721199999971,44.168661900000018],[-78.217751699999951,44.1686464],[-78.217767,44.168627400000048],[-78.217789899999957,44.168612100000018],[-78.217805099999964,44.1686004],[-78.217828099999963,44.1685852],[-78.21784329999997,44.168566200000043],[-78.2178586,44.168539800000019],[-78.2178586,44.168524100000013],[-78.217881499999976,44.168497600000023],[-78.2178968,44.1684864],[-78.217950199999962,44.1684444],[-78.2179577,44.168425100000036],[-78.21797289999995,44.16841],[-78.2179883,44.168383100000028],[-78.217973,44.168363900000031],[-78.2179807,44.16834510000001],[-78.2179807,44.168326],[-78.2179653,44.168299400000024],[-78.2179653,44.168284200000016],[-78.217965399999969,44.1682533],[-78.217980599999976,44.168226900000036],[-78.2179959,44.1682113],[-78.218011099999956,44.168192300000044],[-78.218034099999954,44.168177],[-78.218049299999961,44.168158],[-78.2180722,44.168150600000047],[-78.2181104,44.1681428],[-78.21814089999998,44.168131300000027],[-78.218148499999984,44.168123700000024],[-78.2181789,44.16811610000002],[-78.2181867,44.1680973],[-78.2182171,44.168081800000039],[-78.218239899999958,44.168062600000042],[-78.2182401,44.168047400000034],[-78.218255199999987,44.168020600000034],[-78.218270599999983,44.168001600000025],[-78.2182858,44.167975300000023],[-78.218285699999967,44.167956100000026],[-78.218308799999988,44.1679408],[-78.218346799999949,44.1678683],[-78.2183622,44.167841400000043],[-78.218392599999959,44.167769100000044],[-78.218407799999966,44.167754100000025],[-78.218430799999965,44.167727],[-78.21844619999996,44.167700700000012],[-78.2184613,44.167681100000038],[-78.218484199999978,44.1676281],[-78.21849949999995,44.167593400000044],[-78.218514699999957,44.167567100000042],[-78.218537699999956,44.16754],[-78.2185528,44.167494500000032],[-78.21856809999997,44.1674676],[-78.218583499999966,44.16743340000005],[-78.21859859999995,44.167406600000049],[-78.218614,44.16738760000004],[-78.2186216,44.167372200000045],[-78.218621499999983,44.1673457],[-78.218636799999956,44.167318800000032],[-78.2186367,44.167288500000041],[-78.218644499999982,44.1672618],[-78.21864439999996,44.1672466],[-78.2186443,44.16721960000001],[-78.2186673,44.167173900000023],[-78.218682599999966,44.167147100000022],[-78.2186825,44.167127900000025],[-78.2186979,44.167101600000024],[-78.2187131,44.167086],[-78.218728299999952,44.167067],[-78.218728399999975,44.1670479],[-78.218751199999986,44.167021300000044],[-78.218766499999958,44.166994500000044],[-78.218789299999969,44.166971900000021],[-78.21879,44.166971100000012],[-78.224133599999959,44.177377],[-78.234424399999966,44.174980700000049],[-78.237739199999965,44.174208600000043],[-78.237687599999958,44.174242100000015],[-78.237672399999951,44.174261100000024],[-78.237649399999952,44.174280300000021],[-78.2376266,44.17429560000005],[-78.237596199999984,44.174314500000037],[-78.2375884,44.174329900000032],[-78.237573199999986,44.174348900000041],[-78.2375578,44.17436790000005],[-78.237557899999956,44.174394300000017],[-78.23756549999996,44.174440200000049],[-78.237565599999982,44.1744554],[-78.237550399999975,44.174463200000048],[-78.237550199999987,44.1744744],[-78.237550299999953,44.1744936],[-78.2375275,44.174516700000027],[-78.2374969,44.174543500000027],[-78.2374739,44.17457],[-78.2374587,44.174589],[-78.237443599999949,44.174608],[-78.237435799999957,44.17462340000003],[-78.237344299999961,44.174738],[-78.237329,44.174757],[-78.237313799999981,44.174776],[-78.237298599999974,44.174791],[-78.237283199999979,44.17481790000005],[-78.237222299999985,44.174871400000029],[-78.2372069,44.174890400000038],[-78.237184099999979,44.174905700000011],[-78.237168699999984,44.174932600000034],[-78.2371306,44.17499330000004],[-78.237130699999966,44.175012400000014],[-78.237100099999964,44.175039200000015],[-78.237077199999987,44.175073600000019],[-78.237062,44.175100500000042],[-78.236955199999954,44.1752262],[-78.23694,44.175241200000016],[-78.236924599999952,44.175268100000039],[-78.236917099999971,44.175294800000017],[-78.236901699999976,44.17532170000004],[-78.2369018,44.175340800000015],[-78.2368712,44.1754204],[-78.236871299999962,44.1754474],[-78.236855899999966,44.1754664],[-78.236840799999982,44.175508500000035],[-78.236825499999952,44.1755354],[-78.236802499999953,44.175573200000031],[-78.236772199999962,44.1755999],[-78.23676439999997,44.175626600000044],[-78.2367491,44.17565350000001],[-78.2367339,44.17568030000001],[-78.236672899999974,44.1758289],[-78.2366652,44.175855600000034],[-78.23665,44.1758825],[-78.236634699999968,44.1759088],[-78.236619499999961,44.175935700000025],[-78.2366118,44.175955],[-78.236581299999955,44.176008200000012],[-78.2365509,44.176034900000047],[-78.2365431,44.176053700000011],[-78.2365279,44.176069400000017],[-78.236474499999986,44.176157],[-78.236444099999972,44.176183700000024],[-78.2364364,44.1762104],[-78.2364364,44.176229500000034],[-78.236421099999973,44.17626370000005],[-78.236405899999966,44.1762827],[-78.2363906,44.176309600000025],[-78.236390699999959,44.1763287],[-78.236375299999963,44.176355],[-78.236375399999986,44.176370800000029],[-78.23636,44.176397100000031],[-78.236344899999949,44.176435200000014],[-78.236344799999983,44.1764622],[-78.23633719999998,44.1764771],[-78.236329499999954,44.176496400000019],[-78.236322,44.176542200000029],[-78.236306599999978,44.176561200000037],[-78.2363067,44.176576400000044],[-78.236299,44.176603100000023],[-78.236291399999971,44.176622400000042],[-78.236299,44.17668690000005],[-78.236291399999971,44.176782800000012],[-78.2362913,44.176820500000019],[-78.236337099999957,44.177164100000027],[-78.2363752,44.177514700000017],[-78.23636769999996,44.177877200000012],[-78.2363676,44.177965],[-78.236573599999986,44.178285500000015],[-78.2366194,44.178357900000037],[-78.2366576,44.178701200000035],[-78.2366576,44.1787203],[-78.236672699999986,44.179071],[-78.236695599999962,44.1794147],[-78.23676439999997,44.1797846],[-78.2368788,44.180139200000042],[-78.237077099999965,44.180448100000035],[-78.237321299999962,44.180787800000019],[-78.237618899999973,44.181085400000029],[-78.237931799999956,44.1813449],[-78.238267299999961,44.181611700000019],[-78.238595399999951,44.1818978],[-78.238854799999956,44.182237],[-78.23906089999997,44.1825766],[-78.239244,44.182942800000035],[-78.239366,44.1832786],[-78.239518499999974,44.1836141],[-78.239625399999966,44.183984100000032],[-78.239678799999979,44.1843275],[-78.2398619,44.184693700000025],[-78.240052699999978,44.185014100000046],[-78.240182299999958,44.185342400000025],[-78.240296699999988,44.185693],[-78.240350299999989,44.186067400000013],[-78.240411199999983,44.186425700000029],[-78.240403499999957,44.186795600000039],[-78.240365399999973,44.187181],[-78.240320599999961,44.18736],[-78.228270399999985,44.190530600000045],[-78.212217899999985,44.1947015],[-78.207176799999957,44.184464600000013]]],[[[-78.1964236,44.198227200000019],[-78.193942599999957,44.19309880000003],[-78.192198,44.189491800000042],[-78.192390899999964,44.18939830000005],[-78.1924747,44.189363900000046],[-78.1927799,44.1891005],[-78.19285629999996,44.189020700000015],[-78.1928562,44.188688800000023],[-78.1927265,44.1883722],[-78.192718799999966,44.1880213],[-78.192795199999978,44.1876512],[-78.192798399999958,44.187643],[-78.19292489999998,44.187315600000034],[-78.1930547,44.186957],[-78.193146099999979,44.186598200000049],[-78.193276,44.1862514],[-78.193428499999982,44.185930900000017],[-78.1936192,44.185595300000045],[-78.193832899999961,44.185255700000027],[-78.19402359999998,44.184946500000024],[-78.194038799999987,44.184866700000043],[-78.1941076,44.184793900000045],[-78.194466199999965,44.1846145],[-78.194565299999965,44.184592],[-78.19505369999996,44.184611],[-78.1955648,44.18460680000004],[-78.196083599999952,44.1845844],[-78.19657959999995,44.184611],[-78.1968008,44.1846453],[-78.197319599999958,44.184641400000032],[-78.197418699999957,44.1846415],[-78.1975943,44.184584200000018],[-78.197662899999955,44.184530500000051],[-78.198128299999951,44.184362800000031],[-78.19824269999998,44.1843207],[-78.198631799999987,44.184076900000036],[-78.1990591,44.1838444],[-78.199379699999952,44.183573200000012],[-78.199623699999961,44.1832569],[-78.1996618,44.183195600000033],[-78.1997839,44.182825900000012],[-78.199799199999973,44.18275680000005],[-78.19999,44.1824363],[-78.20014249999997,44.182108500000027],[-78.200234099999989,44.181757700000048],[-78.2003714,44.181429700000024],[-78.20041729999997,44.181204500000035],[-78.200463,44.181143500000019],[-78.200554599999975,44.180784800000026],[-78.2006308,44.180445100000043],[-78.200684199999955,44.180102],[-78.200714799999957,44.179743300000041],[-78.200684299999978,44.179624900000022],[-78.2007377,44.1792858],[-78.2008368,44.178938600000038],[-78.201042799999982,44.17861780000004],[-78.201081,44.178557100000035],[-78.201302299999952,44.17845410000001],[-78.2017677,44.178374],[-78.202233199999966,44.17827090000003],[-78.2023398,44.17825160000001],[-78.202629799999954,44.178133700000046],[-78.202812899999969,44.178011600000048],[-78.202904499999988,44.177897],[-78.202935,44.177836],[-78.20279,44.177671800000041],[-78.2027137,44.177634],[-78.2026603,44.17755],[-78.202721299999951,44.1774886],[-78.2028206,44.177492600000051],[-78.2031106,44.177786600000047],[-78.203179199999965,44.177870200000029],[-78.203545299999973,44.1780574],[-78.203698499999973,44.1780994],[-78.206939499999976,44.1845247],[-78.20694,44.1845257],[-78.209459899999956,44.1896433],[-78.2119806,44.194761800000038],[-78.204281,44.196671400000014],[-78.204206599999964,44.196512200000029],[-78.20412639999995,44.1963407],[-78.1964236,44.198227200000019]]],[[[-78.203990199999964,44.213863],[-78.201467399999956,44.2086506],[-78.209248799999955,44.206744800000024],[-78.2090877,44.206418500000041],[-78.208901499999968,44.206055600000013],[-78.208711599999958,44.205656800000042],[-78.20689109999995,44.201968800000031],[-78.2067247,44.201631600000042],[-78.204984699999955,44.1981063],[-78.204724899999974,44.197575800000038],[-78.2043612,44.196843],[-78.210695399999963,44.195272100000011],[-78.210779599999967,44.195442600000035],[-78.212149,44.1951029],[-78.213935399999968,44.198718700000029],[-78.2132509,44.198892300000011],[-78.2134939,44.199441500000034],[-78.214202799999953,44.19926],[-78.2145969,44.200057600000036],[-78.214542899999969,44.200071],[-78.2134203,44.200349500000016],[-78.213631199999952,44.2007762],[-78.214753799999983,44.200497800000051],[-78.21480779999996,44.20048440000005],[-78.2169386,44.2047963],[-78.216891299999986,44.204808100000037],[-78.2170807,44.205191400000047],[-78.217128099999968,44.205179700000031],[-78.219662299999982,44.210307300000011],[-78.211951899999974,44.212219600000026],[-78.211818899999969,44.211950400000035],[-78.203992299999982,44.2138673],[-78.203990199999964,44.213863]]],[[[-78.1516562,44.208761700000025],[-78.151656099999968,44.2087386],[-78.151663699999972,44.2087199],[-78.151671499999964,44.20870050000002],[-78.151671499999964,44.208681400000046],[-78.151679099999967,44.2086587],[-78.151686699999971,44.208639900000037],[-78.1516944,44.2086205],[-78.151702,44.2086018],[-78.15171719999995,44.208582200000023],[-78.151724799999954,44.208567400000049],[-78.151740099999984,44.208548400000041],[-78.151747799999953,44.208529],[-78.151763,44.208510100000012],[-78.151778299999989,44.2084911],[-78.1517935,44.2084681],[-78.1518089,44.208445200000028],[-78.1518241,44.2084223],[-78.151839199999984,44.208395400000029],[-78.15186209999996,44.2083728],[-78.151869899999951,44.208353500000044],[-78.151877499999955,44.2083308],[-78.151885,44.208311400000014],[-78.1519002,44.2082924],[-78.151915699999961,44.208273500000018],[-78.151930899999968,44.20825450000001],[-78.151946099999975,44.208239400000025],[-78.151968899999986,44.208220200000028],[-78.1519841,44.208204600000045],[-78.151999599999954,44.208185600000036],[-78.152014799999961,44.208170600000017],[-78.15203,44.2081516],[-78.152045199999975,44.2081326],[-78.15206059999997,44.2081096],[-78.152075799999977,44.208090100000049],[-78.152083399999981,44.208071300000029],[-78.152098599999988,44.2080484],[-78.152121599999987,44.2080252],[-78.152136899999959,44.208006300000022],[-78.152152099999967,44.207983300000024],[-78.152167299999974,44.207964300000015],[-78.152182699999969,44.207941400000038],[-78.15220549999998,44.2079228],[-78.152220699999987,44.207903200000032],[-78.1522359,44.207884200000024],[-78.152251399999955,44.207865200000015],[-78.152266599999962,44.207842300000038],[-78.152289399999972,44.207823100000041],[-78.152297,44.207804300000021],[-78.152312399999971,44.207785300000012],[-78.152327599999978,44.207766400000025],[-78.152342799999985,44.207743400000027],[-78.152358,44.207723900000019],[-78.152373399999988,44.20770490000001],[-78.15238869999996,44.2076859],[-78.152403899999968,44.207666900000049],[-78.152419099999975,44.207644],[-78.152442099999973,44.20762140000005],[-78.15245729999998,44.207598500000017],[-78.152472499999988,44.207575500000019],[-78.1524877,44.207559900000035],[-78.152495499999986,44.207541100000014],[-78.1525107,44.207522200000028],[-78.152526,44.207506500000022],[-78.152541199999973,44.207487600000036],[-78.15255639999998,44.2074725],[-78.152579399999979,44.2074533],[-78.152594599999986,44.207434300000045],[-78.152609899999959,44.2074187],[-78.152625099999966,44.2073997],[-78.152640499999961,44.207384700000034],[-78.152655699999968,44.207365700000025],[-78.152678499999979,44.207346500000028],[-78.152693799999952,44.207327500000019],[-78.1527092,44.207308500000011],[-78.152724399999954,44.207285600000034],[-78.152739599999961,44.207266600000025],[-78.152754799999968,44.207247600000017],[-78.15276259999996,44.2072243],[-78.152777799999967,44.2072053],[-78.152793,44.207190300000036],[-78.152808199999981,44.207171300000027],[-78.152823399999988,44.207155700000044],[-78.15283119999998,44.207136900000023],[-78.152846399999987,44.207113900000024],[-78.152854,44.207090700000037],[-78.1528616,44.207067900000027],[-78.152877,44.207045],[-78.1528846,44.2070296],[-78.1528922,44.207010800000035],[-78.1529074,44.206991800000026],[-78.1529152,44.20697640000003],[-78.1529228,44.206957700000032],[-78.152938,44.2069381],[-78.152945599999953,44.206923300000028],[-78.152953199999956,44.206903900000043],[-78.152968599999951,44.206881],[-78.152983799999959,44.206858100000034],[-78.152991399999962,44.206839300000013],[-78.153006599999969,44.206816400000037],[-78.153022,44.206797400000028],[-78.153044799999975,44.206778200000031],[-78.15306,44.206763100000046],[-78.153075199999989,44.206743600000038],[-78.153098299999954,44.2067283],[-78.153113499999961,44.206713300000047],[-78.1531364,44.206698],[-78.153140599999972,44.2066939],[-78.153336799999977,44.206923800000027],[-78.153901799999971,44.206620500000042],[-78.153891699999974,44.206400300000041],[-78.153922199999954,44.2063966],[-78.153945099999987,44.206392600000015],[-78.153975599999967,44.206388900000036],[-78.1540061,44.206385300000022],[-78.154029,44.206381300000032],[-78.15405949999996,44.206381600000043],[-78.1540824,44.206377500000031],[-78.1541052,44.206377500000031],[-78.1541358,44.206377800000041],[-78.154166299999986,44.206377500000031],[-78.154196799999966,44.206377800000041],[-78.1542351,44.206377300000042],[-78.154265599999974,44.206377500000031],[-78.154296099999954,44.206377300000042],[-78.1543342,44.206381300000032],[-78.1543648,44.206381600000043],[-78.154395299999976,44.2063852],[-78.154425799999956,44.206388900000036],[-78.1544563,44.206392500000049],[-78.154494399999976,44.206396500000039],[-78.154525,44.20639680000005],[-78.154555499999958,44.206396500000039],[-78.154586,44.206392900000026],[-78.154616499999975,44.206392600000015],[-78.154654599999958,44.206388700000048],[-78.1546851,44.206389],[-78.154715599999975,44.206392700000038],[-78.15475379999998,44.206396700000028],[-78.15478429999996,44.206400300000041],[-78.154791899999964,44.206400700000017],[-78.1548072,44.2064042],[-78.15483,44.206408100000033],[-78.154868199999953,44.206415400000026],[-78.154891099999986,44.20642330000004],[-78.154921599999966,44.206423500000028],[-78.1549445,44.206426800000031],[-78.154967399999975,44.2064307],[-78.154990299999952,44.206434600000023],[-78.155020799999988,44.2064388],[-78.155051299999968,44.20644980000003],[-78.1550742,44.206457600000022],[-78.155104699999981,44.206461200000035],[-78.155127599999958,44.2064651],[-78.1551581,44.206465400000013],[-78.155181,44.206465300000048],[-78.1551963,44.206465400000013],[-78.15521149999995,44.206461600000011],[-78.1552269,44.20645780000001],[-78.155242199999975,44.20645010000004],[-78.155257399999982,44.206438400000025],[-78.155272699999955,44.206438600000013],[-78.155280299999959,44.206438400000025],[-78.1553032,44.20645010000004],[-78.155326099999968,44.206465200000025],[-78.1553414,44.20647660000003],[-78.155364099999986,44.206488400000012],[-78.155394599999966,44.206499300000019],[-78.1554175,44.20650710000001],[-78.155448,44.2065187],[-78.155478599999981,44.2065263],[-78.155501499999957,44.206537500000024],[-78.155532,44.206545600000027],[-78.155562499999974,44.20655320000003],[-78.15558539999995,44.206564400000047],[-78.155616,44.206575900000018],[-78.155638799999963,44.206587100000036],[-78.155661799999962,44.206602800000041],[-78.1556847,44.206614],[-78.155707599999971,44.20662180000005],[-78.155738099999951,44.206633300000021],[-78.155761,44.206640600000014],[-78.155783699999972,44.20665230000003],[-78.1558066,44.2066595],[-78.155829499999982,44.206671300000039],[-78.155844799999954,44.2066787],[-78.155867699999988,44.206690500000036],[-78.155898199999967,44.20669810000004],[-78.1559287,44.206705700000043],[-78.15595159999998,44.206712900000014],[-78.155982199999983,44.206721100000038],[-78.156012699999962,44.206728700000042],[-78.1560356,44.206735900000012],[-78.156066099999975,44.2067475],[-78.156089,44.206759200000022],[-78.156119499999988,44.206766800000025],[-78.1561501,44.2067778],[-78.156188199999974,44.206785700000012],[-78.156218799999976,44.20679720000004],[-78.156249299999956,44.206804800000043],[-78.1562798,44.206812400000047],[-78.156310299999973,44.20682],[-78.156340699999987,44.2068276],[-78.156363599999963,44.206835400000045],[-78.156386399999974,44.206842700000038],[-78.15640929999995,44.20685050000003],[-78.156439899999953,44.206858100000034],[-78.156470399999989,44.206865700000037],[-78.156500899999969,44.2068772],[-78.1565314,44.206884800000012],[-78.156562,44.206896300000039],[-78.156584899999984,44.206904100000031],[-78.156615399999964,44.2069151],[-78.1566459,44.206926600000031],[-78.156668799999977,44.206934400000023],[-78.15669939999998,44.206942],[-78.156729899999959,44.2069457],[-78.1567528,44.20694960000003],[-78.156783299999972,44.206953200000044],[-78.1568062,44.206961],[-78.156836699999985,44.206964700000015],[-78.156859599999962,44.206968600000039],[-78.1568825,44.20697640000003],[-78.156913,44.20698],[-78.156935899999951,44.206987800000036],[-78.156966399999988,44.206991500000015],[-78.156996899999967,44.20699570000005],[-78.1570274,44.206999400000029],[-78.157065599999953,44.2070028],[-78.1570961,44.207007],[-78.157134199999973,44.2070071],[-78.157164699999953,44.207010700000012],[-78.1571952,44.207014400000048],[-78.1572258,44.207018100000028],[-78.157256299999972,44.2070223],[-78.157286799999952,44.207025900000019],[-78.157317299999988,44.207033500000023],[-78.157347799999968,44.207041100000026],[-78.15737839999997,44.2070526],[-78.1574013,44.207056500000022],[-78.157431799999983,44.207064100000025],[-78.15745469999996,44.207071900000017],[-78.1574776,44.20707920000001],[-78.157500499999969,44.207090900000026],[-78.157531,44.207098500000029],[-78.157553899999982,44.207109700000046],[-78.157576799999958,44.207117500000038],[-78.157607199999973,44.207129],[-78.1576301,44.207140200000026],[-78.157660599999986,44.2071517],[-78.157683499999962,44.2071669],[-78.157714,44.2071823],[-78.157737,44.207197400000041],[-78.157759899999974,44.207216500000015],[-78.15778279999995,44.2072316],[-78.1578055,44.2072473],[-78.1578361,44.207266200000049],[-78.157859,44.207281300000034],[-78.15788189999995,44.207297],[-78.157904799999983,44.207312100000024],[-78.157920099999956,44.2073274],[-78.157943,44.207338600000014],[-78.157965899999965,44.2073537],[-78.157988599999953,44.2073694],[-78.158011499999986,44.207384500000046],[-78.158042099999989,44.207403400000032],[-78.158065,44.207419],[-78.1580879,44.207438100000047],[-78.1581185,44.207457],[-78.1581488,44.2074758],[-78.158171699999968,44.207494900000029],[-78.158194699999967,44.207510500000012],[-78.1582176,44.207529600000044],[-78.158240499999977,44.207548700000018],[-78.158271099999979,44.207567500000039],[-78.158293799999967,44.207586600000013],[-78.1583167,44.2076017],[-78.158339599999977,44.2076174],[-78.158362499999953,44.207632500000045],[-78.158393099999955,44.2076513],[-78.158416,44.207667],[-78.158438899999965,44.2076821],[-78.1584618,44.2076973],[-78.158484599999952,44.207716300000016],[-78.158507499999985,44.207735400000047],[-78.158530399999961,44.2077544],[-78.1585609,44.207773300000042],[-78.1585839,44.207789],[-78.158614399999976,44.207807800000012],[-78.158637099999964,44.2078229],[-78.158667699999967,44.207838400000014],[-78.1586982,44.2078573],[-78.15872109999998,44.2078763],[-78.158751699999982,44.2078957],[-78.158774599999958,44.207914800000026],[-78.158805,44.207929700000022],[-78.158835499999952,44.20794520000004],[-78.158858399999986,44.207964200000049],[-78.158889,44.20797970000001],[-78.158904299999961,44.207995],[-78.1589272,44.2080062],[-78.15895009999997,44.208021300000041],[-78.158973,44.208037],[-78.1589957,44.208052100000032],[-78.159018599999968,44.208067300000039],[-78.159041599999966,44.208086300000048],[-78.1590721,44.2081018],[-78.159095,44.20811690000005],[-78.159117899999956,44.208132],[-78.159140799999989,44.2081511],[-78.1591636,44.208166200000051],[-78.159186499999976,44.208185300000025],[-78.159209399999952,44.208204300000034],[-78.159224699999982,44.2082236],[-78.159247599999958,44.208238700000038],[-78.1592705,44.20825050000002],[-78.1593011,44.208258100000023],[-78.159323799999981,44.208269200000018],[-78.159346699999958,44.208281],[-78.159362,44.208296300000029],[-78.1593772,44.208315],[-78.1593926,44.208334300000047],[-78.159407899999962,44.2083536],[-78.159430599999951,44.208372600000018],[-78.159453499999984,44.20839170000005],[-78.15947639999996,44.2084107],[-78.159507,44.208425700000021],[-78.1595299,44.2084413],[-78.159552799999972,44.208456500000011],[-78.1595757,44.2084716],[-78.1595984,44.208483300000012],[-78.159628899999973,44.208494300000041],[-78.159659499999975,44.208505800000012],[-78.159682399999951,44.20851760000005],[-78.159712899999988,44.208532500000047],[-78.159735899999987,44.2085482],[-78.159766399999967,44.208563100000049],[-78.1597893,44.2085821],[-78.1598199,44.208597600000019],[-78.1598502,44.208609100000047],[-78.15987309999997,44.2086203],[-78.15990359999995,44.2086319],[-78.159934199999952,44.208643400000028],[-78.159957099999986,44.208654600000045],[-78.15998,44.20866970000003],[-78.1600029,44.208681400000046],[-78.160025799999971,44.2086926],[-78.160056299999951,44.208704100000034],[-78.160086899999953,44.208711700000038],[-78.160109799999987,44.208723500000019],[-78.160140299999966,44.208731100000023],[-78.1601632,44.208738900000014],[-78.160185899999988,44.208742200000017],[-78.160216599999956,44.2087464],[-78.1602393,44.20875030000002],[-78.16027,44.208753900000033],[-78.1603005,44.208753700000045],[-78.160315799999978,44.208753800000011],[-78.160323399999982,44.2087502],[-78.160353899999961,44.208742600000051],[-78.160392,44.2087348],[-78.160430099999985,44.208727],[-78.160460599999965,44.208727300000021],[-78.1604911,44.208730900000035],[-78.160529299999951,44.208731],[-78.160559799999987,44.208727300000021],[-78.160590299999967,44.208723100000043],[-78.1606208,44.208719500000029],[-78.160651499999972,44.20871580000005],[-78.160682,44.208715500000039],[-78.1607201,44.208711600000015],[-78.160750599999972,44.208711900000026],[-78.160781099999951,44.208711600000015],[-78.160804,44.208708200000046],[-78.160826899999961,44.208708100000024],[-78.1608574,44.20870450000001],[-78.160880299999974,44.208704400000045],[-78.160910799999954,44.2087007],[-78.160933699999987,44.2087007],[-78.1609641,44.2086964],[-78.1609947,44.208696700000019],[-78.161009899999954,44.20870020000001],[-78.161032799999987,44.208704100000034],[-78.161055699999963,44.208708],[-78.1610786,44.2087118],[-78.161093899999969,44.208715900000016],[-78.16111669999998,44.20871980000004],[-78.161147299999982,44.208727400000043],[-78.161177799999962,44.20873830000005],[-78.1612007,44.208750100000032],[-78.161231199999975,44.208757700000035],[-78.161261799999977,44.2087692],[-78.161284699999953,44.208777],[-78.1613152,44.208788],[-78.161338099999966,44.208795800000019],[-78.161361,44.20880360000001],[-78.161391499999979,44.208811200000014],[-78.161414399999956,44.208815100000038],[-78.161437299999989,44.2088223],[-78.161460199999965,44.2088301],[-78.1614831,44.208837900000049],[-78.161513599999978,44.2088455],[-78.161536299999966,44.208853300000044],[-78.161566899999968,44.208860900000047],[-78.1615974,44.2088685],[-78.161620299999981,44.208875700000021],[-78.161650799999961,44.208883300000025],[-78.1616813,44.208894900000018],[-78.1617119,44.208906400000046],[-78.161734799999977,44.208914200000038],[-78.161757699999953,44.2089181],[-78.161780599999986,44.208925300000033],[-78.161803499999962,44.208933100000024],[-78.161834,44.208948600000042],[-78.161864499999979,44.208959600000014],[-78.161895099999981,44.208971100000042],[-78.161918,44.208978900000034],[-78.1619485,44.208986500000037],[-78.161979,44.208994100000041],[-78.16200189999995,44.209001900000032],[-78.1620246,44.209017],[-78.162047499999971,44.2090321],[-78.1620628,44.2090475],[-78.162078099999974,44.209066700000051],[-78.1620934,44.209089400000039],[-78.162100899999984,44.209116200000039],[-78.16211629999998,44.209139400000026],[-78.162131499999987,44.209158100000025],[-78.162162099999989,44.209173600000042],[-78.162181799999985,44.209177400000044],[-78.162200199999972,44.209181],[-78.162236,44.209188400000016],[-78.162238399999978,44.209188900000015],[-78.162268899999958,44.209196500000019],[-78.162284199999988,44.209203900000034],[-78.162307099999964,44.2092078],[-78.162322299999971,44.209215300000039],[-78.162329799999952,44.209226900000033],[-78.1623348,44.2092366],[-78.161690299999975,44.209388400000023],[-78.161451099999965,44.2094447],[-78.160907499999951,44.209572800000046],[-78.159374,44.20993390000001],[-78.1574961,44.210376100000019],[-78.156713199999956,44.21056040000002],[-78.15645619999998,44.210620900000038],[-78.156524899999965,44.2107517],[-78.156268399999988,44.210810200000026],[-78.151151299999981,44.211978],[-78.151152499999966,44.211973900000032],[-78.151160299999958,44.211950600000023],[-78.151167899999962,44.211927900000035],[-78.1511754,44.2119012],[-78.151183,44.211881900000037],[-78.151189,44.211874500000022],[-78.1511984,44.211862900000028],[-78.151206,44.21184020000004],[-78.1512136,44.211821400000019],[-78.151228799999956,44.211798500000043],[-78.1512366,44.2117791],[-78.151244199999951,44.211756400000013],[-78.151259399999958,44.211733500000037],[-78.151267,44.2117141],[-78.151274799999953,44.211699300000021],[-78.15129,44.211679700000047],[-78.151297599999964,44.211660900000027],[-78.151312799999971,44.2116459],[-78.151320399999975,44.211626600000045],[-78.1513281,44.2116072],[-78.151343399999973,44.211592200000041],[-78.151351,44.21157340000002],[-78.15135859999998,44.211554],[-78.151373799999988,44.211539],[-78.151381599999979,44.211519600000031],[-78.151389199999983,44.211500900000033],[-78.151396699999964,44.211477600000023],[-78.151411899999971,44.211458600000014],[-78.151419699999963,44.211431900000036],[-78.15143489999997,44.211405100000036],[-78.151450099999977,44.211378800000034],[-78.151465499999972,44.211351900000011],[-78.151473099999976,44.211325200000033],[-78.151480599999957,44.2112947],[-78.1514884,44.211271900000042],[-78.151496,44.211260500000037],[-78.151496,44.211248600000033],[-78.151503599999955,44.2112186],[-78.151518899999985,44.211180500000012],[-78.151526499999989,44.211146],[-78.1515341,44.2111266],[-78.151541599999973,44.211103900000012],[-78.151549399999965,44.211085100000048],[-78.151557,44.211065800000029],[-78.151564599999972,44.21103910000005],[-78.151572199999976,44.2110164],[-78.1515799,44.210989700000027],[-78.1515799,44.210966700000029],[-78.1515875,44.21094],[-78.151587599999971,44.210913],[-78.1515875,44.210886600000038],[-78.1515875,44.210859600000049],[-78.151587399999983,44.2108331],[-78.1515799,44.210810300000048],[-78.1515799,44.210787200000027],[-78.1515799,44.210764700000027],[-78.151579799999979,44.2107416],[-78.151587599999971,44.210718900000018],[-78.1515875,44.2106958],[-78.1515799,44.210673],[-78.151572199999976,44.210646200000042],[-78.1515723,44.210623100000021],[-78.151564599999972,44.210596900000041],[-78.151557,44.210570100000041],[-78.1515569,44.2105431],[-78.151549399999965,44.2105163],[-78.1515417,44.21049],[-78.151534,44.210463200000049],[-78.151526599999954,44.210440400000039],[-78.151518899999985,44.210413600000038],[-78.151511199999959,44.2103907],[-78.1515111,44.210363700000016],[-78.151503599999955,44.21034080000004],[-78.151503599999955,44.210314400000016],[-78.1515035,44.2102913],[-78.151495899999986,44.210264500000051],[-78.151496,44.210238100000026],[-78.151488299999983,44.21021520000005],[-78.151480699999979,44.21018840000005],[-78.151480599999957,44.210162],[-78.151473099999976,44.210135200000025],[-78.15146539999995,44.210108400000024],[-78.15146539999995,44.210081400000036],[-78.151457899999969,44.210062500000049],[-78.1514578,44.210039400000028],[-78.1514578,44.2100208],[-78.1514578,44.210001700000021],[-78.151450099999977,44.209978800000044],[-78.151450299999965,44.209959700000013],[-78.1514502,44.209940600000039],[-78.151442499999973,44.2099177],[-78.151442499999973,44.2098947],[-78.1514426,44.209868200000017],[-78.1514426,44.2098451],[-78.15143489999997,44.2098183],[-78.1514348,44.209791900000027],[-78.151427399999989,44.209765100000027],[-78.151419699999963,44.209738300000026],[-78.1514196,44.2097119],[-78.1514196,44.2096927],[-78.151419699999963,44.209669600000041],[-78.151419699999963,44.2096505],[-78.1514196,44.209631400000035],[-78.1514196,44.209608900000035],[-78.151419699999963,44.209585800000013],[-78.151412099999959,44.209563],[-78.151412,44.209539900000038],[-78.1514196,44.2095132],[-78.151419699999963,44.2094879],[-78.151419699999963,44.209486800000036],[-78.151427299999966,44.2094596],[-78.15143489999997,44.209432900000024],[-78.151435,44.209410400000024],[-78.1514426,44.209387100000015],[-78.151442499999973,44.209364600000015],[-78.151450099999977,44.2093413],[-78.151457899999969,44.209322500000042],[-78.151465499999972,44.209303200000022],[-78.151480699999979,44.209284200000013],[-78.151488299999983,44.209261500000025],[-78.151495899999986,44.20924610000003],[-78.151503699999978,44.2092273],[-78.151511199999959,44.209208],[-78.151518799999963,44.2091926],[-78.151526399999966,44.2091699],[-78.151526599999954,44.209146800000042],[-78.1515341,44.2091241],[-78.1515341,44.209101],[-78.1515417,44.209078300000044],[-78.151549499999987,44.2090556],[-78.151557,44.209036200000014],[-78.151564599999972,44.209013500000026],[-78.151572199999976,44.2089942],[-78.15158,44.2089714],[-78.151587599999971,44.2089527],[-78.151595099999952,44.208933300000012],[-78.151602699999955,44.208910600000024],[-78.151610299999959,44.2088913],[-78.151618099999951,44.208872500000041],[-78.151625699999954,44.2088531],[-78.151633299999958,44.2088344],[-78.151640899999961,44.208815],[-78.1516484,44.20879960000002],[-78.151648599999987,44.208781],[-78.1516562,44.208761700000025]]]]}},
{"type":"Feature","properties":{"OGF_ID":67860386,"OFFICIAL_N":"Mississaugas of Scugog Island","INDIAN_RES":"Indian Reserve","OBJECTID":25633},"geometry":{"type":"MultiPolygon","coordinates":[[[[-78.876112,44.201140900000041],[-78.8775827,44.1990872],[-78.878122,44.198335],[-78.878193499999952,44.1983189],[-78.8793953,44.198048300000039],[-78.8793991,44.198048700000015],[-78.879006899999979,44.197187900000017],[-78.878992699999969,44.197157],[-78.881273199999953,44.1938849],[-78.883065699999975,44.1913437],[-78.883540699999969,44.190668],[-78.885096199999964,44.188455],[-78.886863,44.18593130000005],[-78.887304299999983,44.185309600000039],[-78.889012,44.1849206],[-78.894011399999954,44.1962459],[-78.894336399999986,44.196982],[-78.887351599999988,44.198582200000033],[-78.8803709,44.200180900000021],[-78.88037049999997,44.20018],[-78.880367199999966,44.200180700000033],[-78.877684399999964,44.20081],[-78.876079799999957,44.201186],[-78.876112,44.201140900000041]]],[[[-78.89242859999996,44.170651300000031],[-78.894246,44.1702512],[-78.894205299999953,44.170404800000028],[-78.8942007,44.170422500000029],[-78.893862599999977,44.171691900000042],[-78.8935123,44.173039800000026],[-78.892877,44.175483900000017],[-78.892876699999988,44.175485200000026],[-78.892877899999974,44.1754879],[-78.8928919,44.17552],[-78.892646,44.176452300000051],[-78.892386699999975,44.177448500000025],[-78.892365,44.177511900000013],[-78.892342699999972,44.177573],[-78.8923347,44.177592900000036],[-78.892319,44.177633500000013],[-78.892299699999967,44.177679800000021],[-78.892289,44.177704300000016],[-78.892267,44.1777538],[-78.892239,44.177813500000013],[-78.892209199999968,44.177872700000023],[-78.892178199999989,44.177931700000045],[-78.892146,44.177990200000011],[-78.892112,44.178048400000023],[-78.892076699999961,44.178106],[-78.8920402,44.1781633],[-78.892002,44.178219900000045],[-78.891962699999965,44.178276200000028],[-78.891921699999955,44.178332],[-78.891885699999989,44.178377900000044],[-78.891853199999957,44.178418],[-78.8918342,44.178440200000011],[-78.8901055,44.180834900000036],[-78.888472899999954,44.183096800000044],[-78.883843099999979,44.1725662],[-78.89091609999997,44.170986200000016],[-78.890915299999961,44.170984300000043],[-78.890918099999965,44.170983700000022],[-78.890927,44.170981700000027],[-78.89242859999996,44.170651300000031]]],[[[-78.8925605,44.1779745],[-78.893078899999978,44.176024],[-78.893979399999978,44.1781125],[-78.895557899999972,44.1818695],[-78.896109,44.183167500000025],[-78.889175699999953,44.184693400000015],[-78.888700699999958,44.1836149],[-78.888625,44.183442500000012],[-78.888612599999988,44.1834144],[-78.888632499999972,44.183387500000038],[-78.890396499999952,44.180943800000023],[-78.892177,44.178477500000042],[-78.8925605,44.1779745]]],[[[-78.882015,44.18651460000001],[-78.8868142,44.185421],[-78.886536499999977,44.185811900000033],[-78.8847695,44.188336500000048],[-78.883214,44.190549300000043],[-78.882739499999957,44.191224500000033],[-78.8809465,44.193766500000038],[-78.878831699999978,44.196800200000041],[-78.87835339999998,44.1957284],[-78.877679399999977,44.194260400000019],[-78.874870399999963,44.1881406],[-78.882015,44.18651460000001]]]]}},
{"type":"Feature","properties":{"OGF_ID":67860318,"OFFICIAL_N":"Alderville First Nation","INDIAN_RES":"Indian Reserve","OBJECTID":25697},"geometry":{"type":"MultiPolygon","coordinates":[[[[-78.0792783,44.1696473],[-78.078099399999985,44.167133300000046],[-78.078125399999976,44.166887200000019],[-78.0786829,44.166141],[-78.078811799999983,44.165965200000016],[-78.078937699999983,44.1657884],[-78.079060499999969,44.165610300000026],[-78.07909479999995,44.1655596],[-78.079128799999978,44.1655088],[-78.079162599999961,44.165457900000035],[-78.0792467,44.1653291],[-78.0793291,44.165199800000039],[-78.07941,44.16507],[-78.079546199999982,44.164849],[-78.080232299999977,44.1637361],[-78.080250499999977,44.163775],[-78.080365,44.163589700000045],[-78.080404499999986,44.1635258],[-78.08053289999998,44.163320900000031],[-78.0806657,44.163117600000021],[-78.080803,44.1629158],[-78.080826599999966,44.162880800000039],[-78.080912299999966,44.16275840000003],[-78.080958899999985,44.162693500000046],[-78.081228399999986,44.162530600000025],[-78.0815442,44.162457600000039],[-78.081603799999982,44.162443900000028],[-78.081961399999955,44.162361500000031],[-78.082719899999972,44.1621867],[-78.083478499999956,44.162012],[-78.084237,44.161837200000036],[-78.085110199999974,44.161636],[-78.0851907,44.161617500000034],[-78.085348299999964,44.1615812],[-78.086072099999967,44.161414400000012],[-78.0867953,44.1612475],[-78.0869042,44.16122230000002],[-78.08697669999998,44.161205600000017],[-78.088386799999967,44.1608802],[-78.089485699999955,44.160627300000044],[-78.0895817,44.16060520000002],[-78.089723599999957,44.160569600000031],[-78.091548899999964,44.160111],[-78.092442399999982,44.161980200000016],[-78.0925289,44.162163300000032],[-78.09320839999998,44.163607600000034],[-78.093516199999954,44.164197100000024],[-78.09395429999995,44.165146500000048],[-78.094234699999959,44.165756900000019],[-78.094470899999976,44.166322500000035],[-78.094635699999969,44.166717],[-78.094714299999964,44.166971],[-78.094917399999986,44.167407600000047],[-78.095123799999953,44.167892900000027],[-78.095166,44.1678781],[-78.095394199999987,44.168349400000011],[-78.095547799999963,44.1686684],[-78.0957785,44.169147400000043],[-78.0961539,44.1699562],[-78.096501499999988,44.17066890000001],[-78.09667509999997,44.171030700000017],[-78.097015899999974,44.171783900000037],[-78.0977299,44.1732786],[-78.096050599999955,44.1737177],[-78.095813699999951,44.173779700000011],[-78.095335499999976,44.173904900000025],[-78.094589399999961,44.174100300000021],[-78.093841599999962,44.174296],[-78.0930899,44.1744928],[-78.093019,44.174511400000029],[-78.092197599999963,44.1747259],[-78.0914454,44.174922400000014],[-78.091301,44.174960100000021],[-78.090548799999965,44.175156600000037],[-78.090280399999983,44.17522740000004],[-78.089644699999951,44.175394900000015],[-78.087866499999961,44.175859300000013],[-78.087311099999965,44.176004300000045],[-78.087190799999973,44.176035800000022],[-78.086116,44.1763168],[-78.084575199999961,44.1767198],[-78.084468799999968,44.176748500000031],[-78.082825799999966,44.177178],[-78.079644199999962,44.170427600000039],[-78.0792783,44.1696473]]],[[[-78.139577499999973,44.1628311],[-78.139953399999968,44.162733200000048],[-78.1398284,44.1628771],[-78.139593499999989,44.1628417],[-78.139577499999973,44.1628311]]],[[[-78.1408887,44.16531],[-78.140753199999949,44.1652305],[-78.140714899999978,44.165237200000036],[-78.1406637,44.165246100000047],[-78.140411299999982,44.1651081],[-78.14042969999997,44.164953100000048],[-78.140226699999971,44.1648381],[-78.140156899999965,44.1646968],[-78.14007289999995,44.164514700000041],[-78.140007299999979,44.164358700000037],[-78.1399346,44.164177],[-78.139904399999978,44.164006800000038],[-78.1398393,44.16386650000004],[-78.139775399999962,44.163876300000027],[-78.139786,44.164041200000042],[-78.139771399999972,44.164182200000027],[-78.1398003,44.164350600000034],[-78.13982,44.164485300000024],[-78.139812099999972,44.164669300000014],[-78.139704599999959,44.1644915],[-78.1396413,44.164319800000044],[-78.1396537,44.16419970000004],[-78.139612,44.164075],[-78.13961409999996,44.163930900000025],[-78.13966389999996,44.163778800000046],[-78.1397273,44.1635731],[-78.13976219999995,44.1633802],[-78.1397498,44.163211900000022],[-78.1397791,44.1630371],[-78.13994219999995,44.162892400000032],[-78.140066499999989,44.162713100000019],[-78.140092,44.1626971],[-78.1403052,44.1626415],[-78.140620799999965,44.163317],[-78.141306699999973,44.164654900000016],[-78.141666,44.165089],[-78.141793,44.165369100000021],[-78.142107399999986,44.1661234],[-78.142202199999986,44.166331900000046],[-78.142249899999968,44.1664369],[-78.142153899999983,44.1664862],[-78.1420559,44.166533400000048],[-78.1419558,44.1665782],[-78.141892899999959,44.166478900000016],[-78.141855599999985,44.166383100000019],[-78.141820299999949,44.166294200000038],[-78.1417424,44.166144],[-78.141649199999961,44.1660086],[-78.14161839999997,44.165848400000016],[-78.141539799999975,44.165759200000025],[-78.141500099999973,44.165672500000028],[-78.1412492,44.1656408],[-78.1410429,44.1655814],[-78.140899099999956,44.16545990000003],[-78.1408887,44.16531]]],[[[-78.078137,44.163241500000026],[-78.079821399999958,44.162854200000027],[-78.07999,44.16322770000005],[-78.0799715,44.163483400000018],[-78.079062,44.164958800000022],[-78.079037,44.1649989],[-78.079012,44.165038900000013],[-78.078986899999961,44.165079],[-78.078346299999964,44.166010700000015],[-78.07784879999997,44.166678100000013],[-78.0778196,44.166618800000037],[-78.0772766,44.165516600000046],[-78.076357199999961,44.163650500000017],[-78.078137,44.163241500000026]]],[[[-78.124344099999973,44.166764700000044],[-78.12584529999998,44.1663987],[-78.126028299999973,44.166795500000035],[-78.124344099999973,44.166764700000044]]],[[[-78.126847899999973,44.166153800000018],[-78.127904899999976,44.165895700000021],[-78.129632799999968,44.1654378],[-78.1303532,44.165246800000034],[-78.130503,44.1652072],[-78.131418699999983,44.1649645],[-78.133208699999955,44.1644925],[-78.139398799999981,44.162877700000024],[-78.139499699999988,44.162989900000014],[-78.139562299999966,44.163148400000011],[-78.13958649999995,44.163252100000022],[-78.139505099999951,44.1634249],[-78.139561599999979,44.163511800000038],[-78.1395152,44.163637700000038],[-78.139410599999962,44.1637349],[-78.139159399999983,44.163575],[-78.139261699999963,44.1634813],[-78.1390616,44.163495],[-78.139001,44.1633334],[-78.1387954,44.16321],[-78.138629499999979,44.163403800000026],[-78.138626399999964,44.163566300000014],[-78.138681499999961,44.1637394],[-78.1387039,44.163878400000044],[-78.138841499999955,44.16402370000003],[-78.139033899999959,44.164183],[-78.139040699999953,44.164377300000012],[-78.1391918,44.1645173],[-78.1391774,44.1647297],[-78.138956499999949,44.1647499],[-78.138845,44.164691900000037],[-78.1387997,44.1647572],[-78.1388804,44.16481570000002],[-78.139038699999958,44.165012100000013],[-78.13930339999996,44.16491],[-78.1394077,44.164911600000039],[-78.1394838,44.1650108],[-78.139337899999987,44.165102],[-78.139316099999974,44.165098700000044],[-78.139163,44.165189700000042],[-78.139190199999973,44.165257900000029],[-78.1393693,44.165234600000019],[-78.139469599999984,44.165348700000038],[-78.139626499999963,44.165452300000027],[-78.139718799999969,44.165502700000047],[-78.139765299999965,44.165605600000049],[-78.139924299999961,44.165660700000046],[-78.140041399999973,44.1657414],[-78.140269,44.165786200000014],[-78.140504,44.165957100000014],[-78.1406255,44.1659535],[-78.140736899999979,44.165952],[-78.140750499999967,44.1659631],[-78.140917,44.1660989],[-78.141141299999958,44.166224900000032],[-78.1412368,44.166361100000017],[-78.14130739999996,44.166558900000041],[-78.141310699999963,44.166632400000026],[-78.141394899999966,44.166739600000028],[-78.1414203,44.166772],[-78.141133,44.166847100000041],[-78.140838199999962,44.166905400000019],[-78.1405378,44.16694670000004],[-78.1402339,44.166970700000036],[-78.139928299999951,44.166977200000019],[-78.134360799999968,44.1669339],[-78.1335813,44.166928200000029],[-78.132321599999955,44.166906],[-78.1310537,44.1668836],[-78.1308947,44.1668808],[-78.130636899999956,44.166876300000013],[-78.130299899999955,44.166870300000028],[-78.12833379999995,44.166835600000013],[-78.127768399999979,44.1668257],[-78.127152,44.1668148],[-78.12629579999998,44.166800200000012],[-78.126084099999957,44.1663403],[-78.126847899999973,44.166153800000018]]],[[[-78.142300499999976,44.166632500000048],[-78.142331899999988,44.16661670000002],[-78.142441,44.166856900000028],[-78.142536799999959,44.167067800000041],[-78.14241009999995,44.167047200000013],[-78.142322499999977,44.16703960000001],[-78.14223869999995,44.166959100000042],[-78.1421507,44.1668851],[-78.142101,44.1668067],[-78.1420609,44.16674340000003],[-78.142120299999988,44.1667175],[-78.142179,44.166690900000049],[-78.142237099999988,44.166663600000049],[-78.142268899999976,44.1666482],[-78.142300499999976,44.166632500000048]]],[[[-78.126647399999968,44.167555100000015],[-78.126383299999986,44.1669824],[-78.127183399999979,44.1669966],[-78.128421099999969,44.1670186],[-78.1303888,44.1670535],[-78.130634599999951,44.167057900000032],[-78.13241069999998,44.167089500000031],[-78.133580699999982,44.167110500000035],[-78.1339956,44.16711360000005],[-78.134393499999987,44.167116600000043],[-78.134552699999972,44.167117800000028],[-78.1364911,44.167132300000048],[-78.137330199999951,44.167138200000011],[-78.139923899999985,44.16715720000002],[-78.140256199999953,44.167150100000015],[-78.140586599999949,44.1671235],[-78.140913,44.167077800000015],[-78.141233099999965,44.167013200000042],[-78.141544799999963,44.1669301],[-78.1416,44.167000300000041],[-78.14165939999998,44.167075900000043],[-78.141724399999987,44.167140300000028],[-78.141815299999962,44.1672307],[-78.141902099999982,44.167295600000045],[-78.142081,44.167408800000032],[-78.142287,44.1675128],[-78.142435799999987,44.167583900000011],[-78.142607,44.167690100000016],[-78.1427349,44.16785040000002],[-78.1428166,44.168013],[-78.142956699999957,44.168118200000038],[-78.1430479,44.1682323],[-78.143070499999965,44.168242500000019],[-78.143105099999957,44.168318600000021],[-78.143806499999982,44.1699304],[-78.1414125,44.170555900000011],[-78.138967499999978,44.171196800000018],[-78.1367424,44.17178],[-78.136599499999988,44.171817500000031],[-78.134838,44.172279300000014],[-78.133699399999955,44.17257920000003],[-78.1330499,44.1727543],[-78.131268,44.173235],[-78.1303633,44.173478],[-78.130024899999967,44.173569200000031],[-78.129489399999954,44.1737129],[-78.129150399999958,44.172978700000044],[-78.1288844,44.1724036],[-78.1283522,44.1712506],[-78.12734949999998,44.16907690000005],[-78.126647399999968,44.167555100000015]]],[[[-78.122458199999983,44.167227800000035],[-78.123657799999989,44.166934200000014],[-78.124334,44.166945400000031],[-78.1261169,44.166978],[-78.127111899999989,44.169134500000041],[-78.128114699999969,44.171308],[-78.129254,44.173776300000043],[-78.127670099999989,44.174202300000047],[-78.1265216,44.174511100000018],[-78.1258239,44.174682500000017],[-78.124882099999979,44.174912300000017],[-78.124845199999982,44.174921300000051],[-78.124698099999989,44.1749572],[-78.124623,44.174975600000039],[-78.1239774,44.175133300000027],[-78.12321959999997,44.175318200000049],[-78.122871699999962,44.175403],[-78.122113,44.17558820000005],[-78.121358699999973,44.175772100000017],[-78.121240299999954,44.175801],[-78.1210529,44.175846700000022],[-78.1203021,44.176029700000015],[-78.11954419999995,44.176214400000049],[-78.119126599999959,44.176316200000031],[-78.118254699999966,44.176542500000039],[-78.11621359999998,44.177072100000032],[-78.114457,44.177528100000018],[-78.113528699999961,44.177767800000026],[-78.112600399999963,44.178007300000047],[-78.1120626,44.178146200000015],[-78.1117865,44.178217500000017],[-78.111523799999986,44.178292100000021],[-78.1107859,44.178501400000016],[-78.108966899999984,44.179019200000027],[-78.1085382,44.178110100000026],[-78.108264799999972,44.1775179],[-78.107628299999988,44.176139],[-78.106541399999969,44.173818900000015],[-78.105463199999974,44.1715332],[-78.10730639999997,44.171062400000039],[-78.10809919999997,44.1708592],[-78.108334499999955,44.170799100000011],[-78.109127399999977,44.170596200000034],[-78.111009699999954,44.170113600000036],[-78.112789499999963,44.1696579],[-78.114829399999962,44.1691361],[-78.1168692,44.168613900000025],[-78.118707299999983,44.1681433],[-78.120416399999954,44.1677262],[-78.120635,44.167673200000024],[-78.121523699999955,44.167455600000039],[-78.122458199999983,44.167227800000035]]],[[[-78.103609899999981,44.17200820000005],[-78.103847,44.171947500000044],[-78.104855399999963,44.17418280000004],[-78.105461899999966,44.175527400000021],[-78.106537899999978,44.1779123],[-78.107245499999976,44.179480500000011],[-78.107009599999969,44.179543800000033],[-78.105917699999964,44.177123900000026],[-78.104760899999974,44.174559500000043],[-78.103609899999981,44.17200820000005]]],[[[-78.067918099999986,44.179965400000015],[-78.0672227,44.1783982],[-78.066613099999984,44.177069800000027],[-78.066349899999977,44.176496200000031],[-78.066326299999957,44.176444600000025],[-78.066080099999965,44.175925600000028],[-78.066026299999976,44.1758122],[-78.06554129999995,44.174724800000035],[-78.065179099999966,44.173972400000025],[-78.064953099999968,44.173502900000017],[-78.063762399999973,44.171028400000012],[-78.0625455,44.1684993],[-78.061891399999979,44.167102900000032],[-78.0636935,44.1666778],[-78.0645978,44.1664586],[-78.0655013,44.16623960000004],[-78.0664147,44.166018300000019],[-78.067327899999952,44.165796900000032],[-78.068241199999989,44.165575500000045],[-78.069156099999987,44.165353800000048],[-78.070099499999969,44.165125200000034],[-78.071042299999988,44.164897],[-78.0729235,44.164440500000012],[-78.0745743,44.164061],[-78.075296,44.163894600000049],[-78.0761177,44.1637058],[-78.076510499999983,44.164503100000047],[-78.077688,44.166893600000037],[-78.076658799999962,44.1682735],[-78.076580899999954,44.168378],[-78.076386899999989,44.16863550000005],[-78.07630329999995,44.1687387],[-78.076209399999982,44.1688547],[-78.075420099999974,44.1698313],[-78.075146599999982,44.17017],[-78.07491669999996,44.170454600000028],[-78.07409709999996,44.171469300000012],[-78.0740801,44.171435],[-78.0734266,44.172246],[-78.0732319,44.172487],[-78.0731682,44.172567400000048],[-78.073057399999982,44.172715400000016],[-78.072953199999972,44.172865700000045],[-78.0728557,44.173018400000046],[-78.072835399999974,44.173052],[-78.072815399999968,44.1730857],[-78.0727958,44.173119400000019],[-78.07270989999995,44.173269300000015],[-78.072631599999966,44.1734212],[-78.072560799999962,44.17357510000005],[-78.0723066,44.1741538],[-78.0723276,44.174197],[-78.071813599999984,44.1753673],[-78.071645599999954,44.175749900000028],[-78.071612499999958,44.175823200000025],[-78.071577899999966,44.175896200000011],[-78.071541799999977,44.175968800000021],[-78.071460899999977,44.17612],[-78.07137339999997,44.1762693],[-78.07127939999998,44.176416500000016],[-78.071269199999961,44.176431700000023],[-78.071258899999975,44.176447],[-78.0712486,44.1764622],[-78.07116579999996,44.176579700000048],[-78.071078799999952,44.176695600000016],[-78.070987599999967,44.176809900000023],[-78.070936099999983,44.1768715],[-78.070862,44.17695690000005],[-78.070785599999965,44.1770411],[-78.0707069,44.1771243],[-78.070619699999952,44.177214500000048],[-78.069955599999957,44.177902],[-78.0696208,44.178250400000024],[-78.069615799999951,44.178254400000014],[-78.0692886,44.1785926],[-78.069273099999975,44.178560400000038],[-78.067918099999986,44.179965400000015]]],[[[-78.072283499999969,44.1752075],[-78.07251789999998,44.174673900000016],[-78.072537599999976,44.174719800000048],[-78.072767699999986,44.1741958],[-78.0729915,44.173686300000043],[-78.0729968,44.17367420000005],[-78.0730795,44.173497200000043],[-78.0731712,44.17332250000004],[-78.073271899999952,44.1731504],[-78.073324899999989,44.173066200000051],[-78.073380099999952,44.1729828],[-78.073437299999966,44.172900100000049],[-78.073486599999967,44.17283180000004],[-78.0735373,44.1727641],[-78.0735894,44.1726969],[-78.0736253,44.1726519],[-78.0742831,44.171838200000025],[-78.074267599999985,44.1718052],[-78.075104299999964,44.170770100000027],[-78.075126399999988,44.170742800000028],[-78.07558279999995,44.170178300000032],[-78.076081099999953,44.169561900000019],[-78.076747299999965,44.168734700000016],[-78.076994299999967,44.168403500000011],[-78.077439699999957,44.16780650000004],[-78.0777971,44.167326700000046],[-78.077921599999968,44.16733320000003],[-78.0782797,44.1680958],[-78.078644,44.1688689],[-78.0788569,44.169320600000049],[-78.079180099999974,44.170006400000034],[-78.079405299999962,44.170484400000021],[-78.0810421,44.1739571],[-78.081465899999955,44.174856200000022],[-78.082332099999974,44.176693700000044],[-78.08258909999995,44.17723890000002],[-78.081834299999969,44.177430400000048],[-78.081691199999966,44.177466700000025],[-78.0809387,44.177657900000042],[-78.079201,44.178099700000018],[-78.0783199,44.178323700000021],[-78.077878899999973,44.178435800000045],[-78.07743789999995,44.178548],[-78.076398499999982,44.1788292],[-78.075617199999954,44.17904070000003],[-78.0746734,44.1792671],[-78.0745207,44.179303800000014],[-78.073734599999966,44.17950350000001],[-78.073594,44.179539200000022],[-78.072824499999967,44.179734600000018],[-78.072392199999967,44.179836200000011],[-78.071960199999978,44.179937900000027],[-78.071055299999955,44.1801714],[-78.070153399999981,44.180402400000048],[-78.0696405,44.180536500000017],[-78.069529899999964,44.1805655],[-78.0690462,44.180692],[-78.0688596,44.180740800000024],[-78.06832959999997,44.180879400000038],[-78.068283799999961,44.1807794],[-78.068092499999977,44.180362],[-78.068488299999956,44.1799517],[-78.068636,44.179798600000026],[-78.069441,44.1789642],[-78.069965199999956,44.1784232],[-78.070124699999951,44.1782556],[-78.0701092,44.178223700000046],[-78.070381099999963,44.177942],[-78.0704498,44.177871],[-78.070785699999988,44.177523300000018],[-78.071019899999953,44.177280900000028],[-78.071058,44.177241],[-78.0710957,44.177200800000037],[-78.071132899999952,44.177160500000014],[-78.071240399999965,44.177039],[-78.071343299999967,44.1769155],[-78.071441599999957,44.17679],[-78.0714954,44.176717900000028],[-78.071547599999974,44.1766452],[-78.0715983,44.176572],[-78.0716665,44.1764688],[-78.071731599999964,44.1763646],[-78.071793599999978,44.176259300000027],[-78.071870899999965,44.17611850000003],[-78.071942799999988,44.1759763],[-78.072009,44.175832600000035],[-78.072023099999967,44.175800300000049],[-78.072283499999969,44.1752075]]],[[[-78.0961577,44.1738818],[-78.096299599999952,44.1738446],[-78.097027,44.1755096],[-78.098202599999979,44.1780233],[-78.099318,44.180408100000022],[-78.0997787,44.1814549],[-78.09963689999995,44.181492400000025],[-78.0991745,44.18044180000004],[-78.098060799999985,44.178060800000026],[-78.096883399999967,44.17554320000005],[-78.0961577,44.1738818]]],[[[-78.0368087,44.181978],[-78.035913,44.181789300000048],[-78.035754,44.181448100000011],[-78.035046199999954,44.179824100000019],[-78.0350125,44.179746100000045],[-78.0346973,44.179019800000049],[-78.03460339999998,44.1788022],[-78.034574099999986,44.1787256],[-78.0342124,44.177886300000011],[-78.033841099999961,44.177027100000032],[-78.033632299999965,44.176543900000013],[-78.033217,44.175585400000045],[-78.032551799999965,44.1740527],[-78.034898399999975,44.173496900000032],[-78.036361299999953,44.1731507],[-78.0372193,44.175016800000037],[-78.0381021,44.176936800000021],[-78.039174899999978,44.17926970000002],[-78.039854399999967,44.180746700000043],[-78.040204499999959,44.1815077],[-78.03892929999995,44.181812800000046],[-78.038819399999966,44.181838800000037],[-78.0386246,44.181882300000041],[-78.037499499999967,44.1818589],[-78.036840499999983,44.181844900000044],[-78.03862909999998,44.181904300000042],[-78.038828599999988,44.181859800000041],[-78.040214399999968,44.181528500000013],[-78.0436853,44.180667800000037],[-78.0436014,44.180833600000028],[-78.0416507,44.181317800000045],[-78.0402765,44.181659],[-78.038656299999957,44.182045100000039],[-78.0368087,44.181978]]],[[[-78.06541679999998,44.181821400000047],[-78.066242399999965,44.181607],[-78.066238599999963,44.18160180000001],[-78.066403499999979,44.181562500000041],[-78.066472799999985,44.1816288],[-78.066358399999956,44.181743400000016],[-78.066300599999977,44.181685900000048],[-78.065659,44.18235],[-78.06541679999998,44.181821400000047]]],[[[-78.029340499999989,44.182569400000034],[-78.030719899999951,44.182252700000049],[-78.029470599999968,44.1824555],[-78.029300799999987,44.182483],[-78.0283136,44.182804200000021],[-78.027747799999986,44.181592800000033],[-78.027251899999953,44.18053070000002],[-78.026133299999969,44.178134600000021],[-78.025014299999953,44.175737600000048],[-78.027428899999961,44.175187400000027],[-78.029240299999969,44.174774800000023],[-78.029821699999957,44.174642300000016],[-78.030581199999972,44.1744792],[-78.032191799999964,44.1741328],[-78.032311599999957,44.174107100000015],[-78.033390199999985,44.176598300000023],[-78.0344753,44.179104500000051],[-78.03552209999998,44.1815206],[-78.0351172,44.181524],[-78.0355497,44.18158470000003],[-78.035616299999958,44.1817337],[-78.035107699999969,44.181662500000016],[-78.0334148,44.1817767],[-78.033185099999969,44.181829500000049],[-78.030777899999975,44.182382500000017],[-78.029400299999963,44.182698900000048],[-78.0283824,44.182954700000039],[-78.0283225,44.182825300000047],[-78.029340499999989,44.182569400000034]]],[[[-78.0558868,44.180646300000035],[-78.055374799999981,44.17952310000004],[-78.055321399999968,44.179536],[-78.05495,44.178737],[-78.0540173,44.176732],[-78.052941199999964,44.174418700000047],[-78.0518702,44.172116600000038],[-78.050761599999987,44.1697335],[-78.051782099999969,44.169492500000047],[-78.052801699999975,44.169252],[-78.052982099999952,44.169209200000012],[-78.054729799999961,44.168794],[-78.056326399999989,44.168413500000042],[-78.058213199999955,44.1679719],[-78.059729299999958,44.167613900000049],[-78.060109099999977,44.167515500000036],[-78.0610931,44.169600800000012],[-78.061152099999958,44.169727600000044],[-78.061531599999967,44.170542],[-78.061743399999955,44.170997100000022],[-78.0617901,44.171096700000021],[-78.06218819999998,44.171973],[-78.0621898,44.171976800000039],[-78.062707,44.173085500000013],[-78.06333,44.17442090000003],[-78.063681899999949,44.175175200000012],[-78.0642398,44.176371300000028],[-78.0644825,44.1768912],[-78.06535759999997,44.1787673],[-78.066269199999965,44.180720800000017],[-78.0665515,44.181326100000035],[-78.066384199999959,44.18136990000005],[-78.066366599999981,44.1813745],[-78.0663151,44.1813879],[-78.0655698,44.181587500000035],[-78.06533109999998,44.181652],[-78.065035,44.181732100000033],[-78.0647578,44.181807],[-78.064388899999983,44.18190420000002],[-78.064220499999976,44.1819486],[-78.063851599999964,44.182045800000026],[-78.063487,44.182141800000011],[-78.062824199999966,44.182316400000047],[-78.0617689,44.182590700000048],[-78.061023899999952,44.182771800000012],[-78.061020499999984,44.182772600000021],[-78.059297299999969,44.18321],[-78.058291199999985,44.183466400000043],[-78.058122799999978,44.183509400000048],[-78.057368099999962,44.183707300000037],[-78.057296299999962,44.1837261],[-78.057274099999972,44.183732],[-78.0566394,44.182296800000017],[-78.056228899999951,44.18139640000004],[-78.0558868,44.180646300000035]]],[[[-78.053789399999971,44.184641700000043],[-78.053560299999958,44.184161],[-78.053340399999968,44.184214700000041],[-78.051110899999969,44.179181600000049],[-78.050571,44.178085600000031],[-78.0497853,44.176315400000021],[-78.048949599999958,44.174309],[-78.0483572,44.173078700000019],[-78.047277599999973,44.170555800000045],[-78.0489336,44.17016540000003],[-78.04946579999995,44.171313200000043],[-78.050379499999963,44.1732811],[-78.0509717,44.1744716],[-78.051724799999988,44.176108400000032],[-78.052586299999973,44.1779841],[-78.053751699999964,44.180532500000027],[-78.054691699999978,44.182643800000051],[-78.055458399999964,44.184207600000036],[-78.053789399999971,44.184641700000043]]],[[[-78.095421699999974,44.17407860000003],[-78.096078899999952,44.173902400000031],[-78.096605099999977,44.175054],[-78.0966742,44.17520520000005],[-78.096854,44.1755986],[-78.096889799999985,44.175676900000042],[-78.0972577,44.176482],[-78.097658,44.177358100000049],[-78.097736899999973,44.1775308],[-78.097852899999964,44.1777846],[-78.0979084,44.177906],[-78.098212099999955,44.178570500000035],[-78.098430599999972,44.179048500000022],[-78.098448,44.179086700000028],[-78.098693799999978,44.179624600000011],[-78.098955899999964,44.180198100000041],[-78.0990435,44.180389700000035],[-78.099211699999955,44.1807569],[-78.0995582,44.181513100000018],[-78.099022699999978,44.181657800000039],[-78.0986577,44.181758800000011],[-78.097915399999977,44.181959],[-78.097239299999956,44.182141300000012],[-78.096168799999987,44.1824368],[-78.095731799999953,44.18255750000003],[-78.095625,44.182587],[-78.094948599999952,44.182773700000041],[-78.094859699999972,44.1827983],[-78.094414799999981,44.182921100000044],[-78.093702899999982,44.183117500000037],[-78.092484299999967,44.1834531],[-78.0902203,44.1840785],[-78.0901073,44.184109700000022],[-78.089875,44.184171],[-78.089850299999966,44.1841776],[-78.0881958,44.184614],[-78.087450499999989,44.184810700000014],[-78.087139199999967,44.1848928],[-78.086191699999972,44.1851428],[-78.084961599999986,44.185466500000018],[-78.084051499999987,44.183446700000047],[-78.0826672,44.18037460000005],[-78.082561399999975,44.180140200000039],[-78.081469199999958,44.177715700000022],[-78.0826093,44.177416500000049],[-78.082819699999959,44.177364],[-78.08284569999995,44.17735730000004],[-78.083871,44.177093800000023],[-78.084618799999987,44.1769016],[-78.08634109999997,44.17645170000003],[-78.0863855,44.176440100000036],[-78.086622,44.176378200000045],[-78.0867313,44.176349400000049],[-78.087159399999962,44.176236900000049],[-78.0888953,44.1757824],[-78.088916,44.175777900000014],[-78.08945319999998,44.17563750000005],[-78.090133699999967,44.175459700000033],[-78.090827399999966,44.175278700000035],[-78.091575,44.17508330000004],[-78.091854599999976,44.1750103],[-78.092602099999965,44.174815],[-78.094304199999954,44.1743705],[-78.095421699999974,44.17407860000003]]],[[[-78.036849199999949,44.1836121],[-78.035939599999949,44.181840600000044],[-78.036797899999954,44.1820247],[-78.038661499999989,44.1820672],[-78.0402866,44.181680200000017],[-78.040747799999963,44.182654400000047],[-78.040881099999979,44.182935900000018],[-78.041652199999987,44.1845659],[-78.0378356,44.1855334],[-78.036849199999949,44.1836121]]],[[[-78.0660676,44.1824555],[-78.0665012,44.182005900000036],[-78.0665957,44.1819082],[-78.066620399999977,44.181884800000034],[-78.066607,44.181850600000018],[-78.0669512,44.181467],[-78.067156399999988,44.1816756],[-78.0673936,44.182198800000037],[-78.0678638,44.182083500000033],[-78.067497599999967,44.181279300000028],[-78.068415,44.181048200000021],[-78.068483599999979,44.181030300000032],[-78.06861269999996,44.180996500000049],[-78.0695323,44.180756],[-78.070237299999974,44.1805716],[-78.0716372,44.1802131],[-78.0720399,44.180109900000048],[-78.07269789999998,44.17995570000005],[-78.072905,44.179906500000016],[-78.074378599999989,44.179531900000029],[-78.074522399999978,44.179495300000042],[-78.074604299999976,44.179474500000026],[-78.0748835,44.179407600000047],[-78.075399599999969,44.179283700000042],[-78.075700199999972,44.179211600000031],[-78.0767411,44.178929900000014],[-78.076812599999982,44.1789106],[-78.077354299999968,44.178764],[-78.0775238,44.178718100000026],[-78.0776515,44.178685700000017],[-78.0779756,44.17860330000002],[-78.079217,44.1782872],[-78.080457499999966,44.177972400000044],[-78.08097859999998,44.177839900000038],[-78.081232,44.177776],[-78.082463599999983,44.18051],[-78.082574,44.180754400000012],[-78.083815299999969,44.183509],[-78.0847255,44.1855286],[-78.084073499999988,44.1857008],[-78.082837099999949,44.186028300000032],[-78.082174099999975,44.186201700000026],[-78.081596899999965,44.186352700000043],[-78.081228899999985,44.1864483],[-78.081168599999955,44.186464],[-78.08098659999996,44.1865113],[-78.080204199999969,44.186714600000016],[-78.0781414,44.18725070000005],[-78.076190299999951,44.187760500000024],[-78.075189799999976,44.188018900000031],[-78.074731199999974,44.188136200000031],[-78.073182,44.188542200000029],[-78.072219299999972,44.1887939],[-78.071056199999987,44.189097400000037],[-78.070027899999957,44.189367200000049],[-78.06949039999995,44.189508],[-78.069034499999987,44.189627200000018],[-78.068514599999958,44.1885072],[-78.067947599999968,44.1872854],[-78.0675683,44.186468100000013],[-78.066910099999973,44.18505],[-78.066652299999987,44.184494500000028],[-78.0658234,44.182708200000036],[-78.0660676,44.1824555]]],[[[-78.090761499999985,44.184122700000046],[-78.09110469999996,44.184028],[-78.0911279,44.184071500000016],[-78.0925777,44.183671400000037],[-78.0932894,44.1834748],[-78.093666399999961,44.183370500000024],[-78.093643099999952,44.183327],[-78.097326099999975,44.18231030000004],[-78.097338399999956,44.18233680000003],[-78.098201,44.18419270000004],[-78.09918289999996,44.186325],[-78.099101299999973,44.186344],[-78.097382899999957,44.186745200000018],[-78.097682499999962,44.187506700000029],[-78.0976308,44.187598900000012],[-78.098200799999972,44.18906510000005],[-78.0982381,44.189163300000018],[-78.098358299999973,44.18947],[-78.0949963,44.1896357],[-78.0924559,44.189760200000023],[-78.092449499999987,44.189746600000035],[-78.091406599999971,44.187524400000029],[-78.090068499999973,44.18467290000001],[-78.0900785,44.1843225],[-78.090761499999985,44.184122700000046]]],[[[-78.033427,44.18182],[-78.035104699999977,44.1817069],[-78.035641099999964,44.181781900000033],[-78.036613199999977,44.183675400000027],[-78.037599199999988,44.185596],[-78.038522899999975,44.187394200000028],[-78.039044,44.188408800000047],[-78.036435,44.1890707],[-78.0341793,44.189661200000046],[-78.033013399999959,44.189966500000025],[-78.0318254,44.190277500000036],[-78.0311094,44.188747],[-78.0306488,44.187754],[-78.029479199999969,44.18527210000002],[-78.028760699999964,44.183754300000032],[-78.028391899999974,44.182975400000032],[-78.029441199999951,44.1827844],[-78.029616899999951,44.182744100000036],[-78.030165799999963,44.182618200000036],[-78.030797299999961,44.182424],[-78.0322387,44.182092900000043],[-78.032350399999984,44.182067300000028],[-78.033203799999967,44.181871300000012],[-78.033427,44.18182]]],[[[-78.060766599999965,44.18946440000002],[-78.060388199999977,44.188651],[-78.060377799999969,44.188628700000038],[-78.060469099999978,44.1884827],[-78.060565299999951,44.1886897],[-78.060583899999983,44.1884344],[-78.060685,44.18827170000003],[-78.060799,44.1880893],[-78.061248699999965,44.187450400000046],[-78.061697,44.1869299],[-78.061778299999958,44.186846300000013],[-78.061871699999983,44.1867492],[-78.062411299999951,44.186188300000026],[-78.062893,44.185689800000034],[-78.063088899999968,44.185487],[-78.063360399999965,44.185205400000029],[-78.063592,44.184965800000043],[-78.063950799999986,44.184594700000048],[-78.064038399999959,44.184504100000026],[-78.064395599999955,44.184134700000016],[-78.064410299999963,44.184167600000023],[-78.064772299999959,44.183793700000024],[-78.065134,44.183420600000034],[-78.065737,44.1847146],[-78.066643399999975,44.186710700000049],[-78.0673238,44.188126600000032],[-78.0675119,44.18852830000003],[-78.068134899999961,44.1898625],[-78.067670499999963,44.189984],[-78.067315099999973,44.190076800000043],[-78.067205,44.190106300000025],[-78.065435399999956,44.19058],[-78.064526299999955,44.190822600000047],[-78.0641688,44.190918],[-78.0618849,44.1915275],[-78.0617436,44.191565300000036],[-78.060766599999965,44.18946440000002]]],[[[-78.0551812,44.1926489],[-78.0545474,44.191274],[-78.053658499999983,44.191511400000024],[-78.052749899999981,44.189551100000017],[-78.052741499999968,44.189532900000017],[-78.052249299999971,44.189687],[-78.050343,44.190158200000042],[-78.0491179,44.190512400000046],[-78.047940199999971,44.190783900000042],[-78.047196399999962,44.190977700000019],[-78.045601499999975,44.1913743],[-78.044644299999959,44.1892636],[-78.04379739999996,44.187395400000014],[-78.0462207,44.18678],[-78.047622599999954,44.186424100000011],[-78.048567899999966,44.186184100000048],[-78.049314399999957,44.1859915],[-78.049408699999958,44.185967100000028],[-78.050901399999987,44.185581400000046],[-78.051629199999979,44.185393],[-78.0518085,44.1853466],[-78.0529957,44.185039300000028],[-78.052997,44.1850389],[-78.054784699999971,44.184576100000015],[-78.0555086,44.184386300000028],[-78.0562511,44.18419160000002],[-78.056556199999989,44.1841116],[-78.05719449999998,44.18394550000005],[-78.057989,44.1837372],[-78.058073699999966,44.1837152],[-78.0581325,44.183699900000022],[-78.0582078,44.1836801],[-78.058274199999971,44.183663200000012],[-78.058325599999989,44.183650100000023],[-78.059696799999983,44.183301300000039],[-78.060939,44.182984500000032],[-78.061573499999952,44.182828],[-78.061856899999952,44.182759],[-78.0623086,44.182641100000012],[-78.062434099999962,44.182608300000027],[-78.0629621,44.1824709],[-78.063578799999959,44.182311],[-78.064070499999957,44.182182300000022],[-78.064498,44.182070300000021],[-78.064620899999966,44.182329900000013],[-78.0649674,44.183065400000032],[-78.064896499999975,44.1831388],[-78.0642537,44.183805],[-78.0636414,44.184438300000011],[-78.062942299999975,44.1851618],[-78.062506599999949,44.185612600000013],[-78.0622649,44.1858628],[-78.061574599999972,44.186576400000035],[-78.061464199999989,44.1866905],[-78.061272299999985,44.186895],[-78.061089399999958,44.187103800000045],[-78.060915599999987,44.187316600000031],[-78.060751399999958,44.187533200000018],[-78.060596499999974,44.1877533],[-78.060451,44.187976700000036],[-78.060380599999974,44.188090100000011],[-78.0602442,44.188084900000035],[-78.060337,44.18829310000001],[-78.060244599999976,44.1884412],[-78.060200899999984,44.188343300000042],[-78.059988199999964,44.187865700000032],[-78.059033299999953,44.1880863],[-78.0588517,44.1881282],[-78.058208699999966,44.1882764],[-78.058156299999951,44.1882885],[-78.056781,44.188605400000029],[-78.056697699999972,44.188624600000026],[-78.05667109999996,44.188630700000033],[-78.056957899999986,44.189245300000039],[-78.057326399999965,44.1900369],[-78.055530299999987,44.190533800000026],[-78.056360899999959,44.1923339],[-78.055876499999954,44.192463300000043],[-78.055655399999978,44.1925223],[-78.0554176,44.1925847],[-78.0551812,44.1926489]]],[[[-78.09775,44.2000731],[-78.097550599999977,44.199687200000028],[-78.097321799999975,44.199158],[-78.0970623,44.198643600000025],[-78.0967794,44.198134300000049],[-78.096750399999962,44.198057700000049],[-78.096536499999957,44.197731200000021],[-78.096448799999962,44.197597200000018],[-78.095889599999964,44.1964901],[-78.095657299999971,44.195851800000014],[-78.0956124,44.1956644],[-78.095655199999953,44.195557],[-78.095469399999956,44.1952493],[-78.095417899999973,44.195164],[-78.095443199999977,44.19515750000005],[-78.0955146,44.195139200000028],[-78.095564,44.195126500000015],[-78.0958483,44.1950534],[-78.096250599999962,44.19495],[-78.097291199999972,44.194681600000024],[-78.097371599999974,44.194660900000031],[-78.099278499999969,44.1941703],[-78.099435199999959,44.19413],[-78.099929799999984,44.1940027],[-78.100366399999984,44.193890400000043],[-78.101423099999977,44.193618500000014],[-78.101704199999972,44.193546100000049],[-78.101757,44.193532600000026],[-78.1021002,44.194224100000042],[-78.102182199999959,44.194389400000034],[-78.102369,44.1947657],[-78.102327099999968,44.1947745],[-78.102197599999954,44.194778700000029],[-78.1021331,44.1947839],[-78.1020924,44.1947963],[-78.101979799999981,44.194838200000049],[-78.1019379,44.194850300000041],[-78.101837599999953,44.194853500000022],[-78.101557299999968,44.1948509],[-78.101468,44.1948678],[-78.1012614,44.194896200000017],[-78.1011709,44.1949128],[-78.101144799999986,44.194932700000038],[-78.1011057,44.194975100000022],[-78.101051199999972,44.195055800000034],[-78.1009755,44.195073],[-78.100921299999982,44.195089600000017],[-78.100842699999987,44.19513870000003],[-78.1007535,44.1952023],[-78.100730899999974,44.1952248],[-78.10065039999995,44.195328500000016],[-78.1006256,44.19535430000002],[-78.100509199999976,44.195414300000039],[-78.1002623,44.1955307],[-78.1002279,44.195559800000012],[-78.100109699999962,44.195645900000045],[-78.0998866,44.1958502],[-78.0997418,44.195938600000034],[-78.099527,44.196180500000025],[-78.099507099999983,44.196224500000028],[-78.099445,44.1965424],[-78.099342,44.19655240000003],[-78.099313699999982,44.1965586],[-78.099299199999962,44.196567600000037],[-78.0992766,44.1966046],[-78.0992114,44.196738900000014],[-78.0991287,44.1968286],[-78.0989495,44.197045200000048],[-78.098921,44.197085500000014],[-78.0988936,44.1971335],[-78.09876909999997,44.197421500000019],[-78.098745,44.197626900000046],[-78.098757499999977,44.19768810000005],[-78.098720599999979,44.1978024],[-78.098703199999989,44.197935600000051],[-78.0986979,44.1980153],[-78.09870589999997,44.198035200000049],[-78.098724599999969,44.198058400000036],[-78.098756,44.1980919],[-78.0988405,44.1981692],[-78.098860399999978,44.198197500000049],[-78.098844399999962,44.198245500000041],[-78.098767599999974,44.198390600000039],[-78.098766499999954,44.198419600000022],[-78.0987745,44.198458900000048],[-78.098844099999951,44.198618100000033],[-78.0988868,44.198671700000034],[-78.098917,44.198718900000017],[-78.098968799999966,44.198824800000011],[-78.098985,44.1988695],[-78.0990152,44.199041800000032],[-78.099015899999984,44.199116],[-78.0990084,44.199194500000033],[-78.098969099999977,44.1993592],[-78.098898799999972,44.1994851],[-78.098854499999959,44.199553900000012],[-78.098831599999983,44.199582300000031],[-78.0987963,44.199602],[-78.0986724,44.1996547],[-78.0986428,44.199670500000025],[-78.098537699999952,44.1997533],[-78.098441499999979,44.1998393],[-78.098393699999974,44.199876],[-78.0983862,44.199879600000031],[-78.098362899999984,44.199882],[-78.0982669,44.1998767],[-78.0982492,44.199881100000027],[-78.098247299999969,44.19990580000001],[-78.098272899999984,44.200006],[-78.0982292,44.200226200000031],[-78.0982242,44.200233800000035],[-78.0981941,44.200254200000018],[-78.098081699999966,44.200405],[-78.0978849,44.20033410000002],[-78.097868799999958,44.200303],[-78.09775,44.2000731]]]]}}
]
}
